mesh_code,Longitude,Latitude
5439104442,139.1765625,36.271875
5439104443,139.1828125,36.26979167
5439104444,139.1859375,36.26770833
5439104514,139.1828125,36.26770833
5439104521,139.1796875,36.26979167
5439104522,139.1765625,36.26979167
5439104523,139.1796875,36.26770833
5439104524,139.1765625,36.26770833
5439104531,139.1734375,36.27395833
5439104532,139.1703125,36.27395833
5439104533,139.1734375,36.271875
5439104534,139.1703125,36.271875
5439104541,139.1734375,36.26979167
5439104542,139.1703125,36.26979167
5439104543,139.1734375,36.26770833
5439104544,139.1703125,36.26770833
5439104613,139.1671875,36.26770833
5439104631,139.2078125,36.26354167
5439104632,139.2046875,36.26354167
5439104633,139.2015625,36.26354167
5439104634,139.2109375,36.26145833
5439104641,139.2078125,36.26145833
5439104643,139.2109375,36.259375
5439104644,139.2078125,36.259375
5439104733,139.2046875,36.26145833
5439105421,139.2015625,36.26145833
5439105422,139.2046875,36.259375
5439105423,139.2015625,36.259375
5439105424,139.1984375,36.26354167
5439105441,139.1953125,36.26354167
5439105442,139.1921875,36.265625
5439105443,139.1890625,36.265625
5439105444,139.1921875,36.26354167
5439105511,139.1890625,36.26354167
5439105512,139.1984375,36.26145833
5439105513,139.1953125,36.26145833
5439105514,139.1984375,36.259375
5439105521,139.1953125,36.259375
5439105522,139.1921875,36.26145833
5439105523,139.1890625,36.26145833
5439105524,139.1921875,36.259375
5439105531,139.1890625,36.259375
5439105532,139.1859375,36.265625
5439105533,139.1828125,36.265625
5439105534,139.1859375,36.26354167
5439105541,139.1828125,36.26354167
5439105542,139.1796875,36.265625
5439105543,139.1765625,36.265625
5439105544,139.1796875,36.26354167
5439105611,139.1765625,36.26354167
5439105612,139.1859375,36.26145833
5439105613,139.1828125,36.26145833
5439105614,139.1859375,36.259375
5439105621,139.1828125,36.259375
5439105622,139.1796875,36.26145833
5439105623,139.1765625,36.26145833
5439105624,139.1796875,36.259375
5439105631,139.1765625,36.259375
5439105632,139.1734375,36.265625
5439105633,139.1703125,36.265625
5439105634,139.1734375,36.26354167
5439105641,139.1703125,36.26354167
5439105642,139.1671875,36.265625
5439105643,139.1640625,36.265625
5439105644,139.1671875,36.26354167
5439105711,139.1640625,36.26354167
5439105731,139.1734375,36.26145833
5439105733,139.1703125,36.26145833
5439106421,139.1734375,36.259375
5439106422,139.1703125,36.259375
5439106424,139.1671875,36.26145833
5439106511,139.1640625,36.26145833
5439106512,139.1671875,36.259375
5439106513,139.1640625,36.259375
5439106514,139.1609375,36.26354167
5439106521,139.1609375,36.26145833
5439106522,139.2265625,36.25729167
5439106523,139.2296875,36.25520833
5439106524,139.2265625,36.25520833
5439106531,139.2328125,36.253125
5439106532,139.2328125,36.25104167
5439106533,139.2296875,36.253125
5439106534,139.2265625,36.253125
5439106541,139.2296875,36.25104167
5439106542,139.2265625,36.25104167
5439106543,139.2234375,36.25729167
5439106544,139.2203125,36.25729167
5439106611,139.2234375,36.25520833
5439106612,139.2203125,36.25520833
5439106613,139.2171875,36.25729167
5439106614,139.2140625,36.25729167
5439106621,139.2171875,36.25520833
5439106622,139.2140625,36.25520833
5439106623,139.2234375,36.253125
5439106624,139.2203125,36.253125
5439106631,139.2234375,36.25104167
5439106632,139.2203125,36.25104167
5439106633,139.2171875,36.253125
5439106634,139.2140625,36.253125
5439106641,139.2171875,36.25104167
5439106642,139.2140625,36.25104167
5439106643,139.2109375,36.25729167
5439106644,139.2078125,36.25729167
5439106711,139.2109375,36.25520833
5439106712,139.2078125,36.25520833
5439106713,139.2046875,36.25729167
5439106714,139.2015625,36.25729167
5439106723,139.2046875,36.25520833
5439106724,139.2015625,36.25520833
5439106731,139.2109375,36.253125
5439106732,139.2078125,36.253125
5439106733,139.2109375,36.25104167
5439106734,139.2078125,36.25104167
5439106741,139.2046875,36.253125
5439106742,139.2015625,36.253125
5439106743,139.2046875,36.25104167
5439106744,139.2015625,36.25104167
5439106813,139.1984375,36.25729167
5439106831,139.1953125,36.25729167
5439106833,139.1984375,36.25520833
5439106834,139.1953125,36.25520833
5439107511,139.1921875,36.25729167
5439107512,139.1890625,36.25729167
5439107514,139.1921875,36.25520833
5439107521,139.1890625,36.25520833
5439107522,139.1984375,36.253125
5439107524,139.1953125,36.253125
5439107542,139.1984375,36.25104167
5439107543,139.1953125,36.25104167
5439107544,139.1921875,36.253125
5439107611,139.1890625,36.253125
5439107612,139.1921875,36.25104167
5439107613,139.1890625,36.25104167
5439107614,139.1859375,36.25729167
5439107621,139.1828125,36.25729167
5439107622,139.1859375,36.25520833
5439107623,139.1828125,36.25520833
5439107624,139.1796875,36.25729167
5439107631,139.1765625,36.25729167
5439107632,139.1796875,36.25520833
5439107633,139.1765625,36.25520833
5439107634,139.1859375,36.253125
5439107641,139.1828125,36.253125
5439107642,139.1859375,36.25104167
5439107643,139.1828125,36.25104167
5439107644,139.1796875,36.253125
5439107711,139.1765625,36.253125
5439107712,139.1796875,36.25104167
5439107713,139.1765625,36.25104167
5439107714,139.1734375,36.25729167
5439107721,139.1703125,36.25729167
5439107722,139.1734375,36.25520833
5439107723,139.1703125,36.25520833
5439107724,139.1671875,36.25729167
5439107731,139.1640625,36.25729167
5439107732,139.1671875,36.25520833
5439107733,139.1640625,36.25520833
5439107734,139.1734375,36.253125
5439107741,139.1703125,36.253125
5439107742,139.1734375,36.25104167
5439107743,139.1703125,36.25104167
5439107744,139.1671875,36.253125
5439107811,139.1640625,36.253125
5439107812,139.1671875,36.25104167
5439107813,139.1640625,36.25104167
5439107814,139.1609375,36.25729167
5439107821,139.1609375,36.25520833
5439107822,139.1609375,36.253125
5439107823,139.1578125,36.253125
5439107824,139.1609375,36.25104167
5439107831,139.1578125,36.25104167
5439107832,139.1546875,36.25104167
5439107833,139.2390625,36.246875
5439107834,139.2421875,36.24479167
5439107841,139.2390625,36.24479167
5439107842,139.2421875,36.24270833
5439107843,139.2390625,36.24270833
5439107844,139.2359375,36.24895833
5439107911,139.2328125,36.24895833
5439107912,139.2359375,36.246875
5439107913,139.2328125,36.246875
5439107914,139.2296875,36.24895833
5439107931,139.2265625,36.24895833
5439107932,139.2296875,36.246875
5439107933,139.2265625,36.246875
5439107934,139.2359375,36.24479167
5439107941,139.2328125,36.24479167
5439107942,139.2359375,36.24270833
5439107943,139.2328125,36.24270833
5439107944,139.2296875,36.24479167
5439108514,139.2265625,36.24479167
5439108521,139.2296875,36.24270833
5439108522,139.2265625,36.24270833
5439108523,139.2234375,36.24895833
5439108524,139.2203125,36.24895833
5439108532,139.2234375,36.246875
5439108534,139.2203125,36.246875
5439108541,139.2171875,36.24895833
5439108542,139.2140625,36.24895833
5439108543,139.2171875,36.246875
5439108544,139.2140625,36.246875
5439108611,139.2234375,36.24479167
5439108612,139.2203125,36.24479167
5439108613,139.2234375,36.24270833
5439108614,139.2203125,36.24270833
5439108621,139.2171875,36.24479167
5439108622,139.2140625,36.24479167
5439108623,139.2171875,36.24270833
5439108624,139.2140625,36.24270833
5439108631,139.2109375,36.24895833
5439108632,139.2078125,36.24895833
5439108633,139.2109375,36.246875
5439108634,139.2078125,36.246875
5439108641,139.2046875,36.24895833
5439108642,139.2015625,36.24895833
5439108643,139.2046875,36.246875
5439108644,139.2015625,36.246875
5439108711,139.2109375,36.24479167
5439108712,139.2078125,36.24479167
5439108713,139.2109375,36.24270833
5439108714,139.2078125,36.24270833
5439108721,139.2046875,36.24479167
5439108722,139.2015625,36.24479167
5439108723,139.2046875,36.24270833
5439108724,139.2015625,36.24270833
5439108731,139.1984375,36.24895833
5439108732,139.1953125,36.24895833
5439108733,139.1984375,36.246875
5439108734,139.1953125,36.246875
5439108741,139.1921875,36.24895833
5439108742,139.1890625,36.24895833
5439108743,139.1921875,36.246875
5439108744,139.1890625,36.246875
5439108811,139.1984375,36.24479167
5439108812,139.1953125,36.24479167
5439108813,139.1984375,36.24270833
5439108814,139.1953125,36.24270833
5439108821,139.1921875,36.24479167
5439108822,139.1890625,36.24479167
5439108823,139.1921875,36.24270833
5439108824,139.1890625,36.24270833
5439108831,139.1859375,36.24895833
5439108832,139.1828125,36.24895833
5439108833,139.1859375,36.246875
5439108834,139.1828125,36.246875
5439108841,139.1796875,36.24895833
5439108842,139.1765625,36.24895833
5439108843,139.1796875,36.246875
5439108844,139.1765625,36.246875
5439108911,139.1859375,36.24479167
5439108912,139.1828125,36.24479167
5439108913,139.1859375,36.24270833
5439108914,139.1828125,36.24270833
5439108921,139.1796875,36.24479167
5439108922,139.1765625,36.24479167
5439108923,139.1796875,36.24270833
5439108924,139.1765625,36.24270833
5439108931,139.1734375,36.24895833
5439108932,139.1703125,36.24895833
5439108933,139.1734375,36.246875
5439108934,139.1703125,36.246875
5439108941,139.1671875,36.24895833
5439108942,139.1640625,36.24895833
5439108943,139.1671875,36.246875
5439108944,139.1640625,36.246875
5439109512,139.1734375,36.24479167
5439109514,139.1703125,36.24479167
5439109521,139.1734375,36.24270833
5439109522,139.1703125,36.24270833
5439109523,139.1671875,36.24479167
5439109524,139.1640625,36.24479167
5439109532,139.1671875,36.24270833
5439109541,139.1640625,36.24270833
5439109611,139.1609375,36.24895833
5439109612,139.1578125,36.24895833
5439109613,139.1609375,36.246875
5439109614,139.1578125,36.246875
5439109621,139.1546875,36.24895833
5439109622,139.1609375,36.24479167
5439109623,139.1609375,36.24270833
5439109624,139.1578125,36.24270833
5439109631,139.2453125,36.23854167
5439109632,139.2421875,36.240625
5439109633,139.2390625,36.240625
5439109634,139.2421875,36.23854167
5439109641,139.2390625,36.23854167
5439109642,139.2453125,36.23645833
5439109643,139.2484375,36.234375
5439109644,139.2453125,36.234375
5439109711,139.2421875,36.23645833
5439109712,139.2390625,36.23645833
5439109713,139.2421875,36.234375
5439109714,139.2390625,36.234375
5439109721,139.2359375,36.240625
5439109722,139.2328125,36.240625
5439109723,139.2359375,36.23854167
5439109724,139.2328125,36.23854167
5439109731,139.2296875,36.240625
5439109732,139.2265625,36.240625
5439109733,139.2296875,36.23854167
5439109734,139.2265625,36.23854167
5439109741,139.2359375,36.23645833
5439109742,139.2328125,36.23645833
5439109743,139.2359375,36.234375
5439109744,139.2328125,36.234375
5439109811,139.2296875,36.23645833
5439109812,139.2265625,36.23645833
5439109813,139.2296875,36.234375
5439109814,139.2265625,36.234375
5439109821,139.2234375,36.240625
5439109822,139.2203125,36.240625
5439109823,139.2234375,36.23854167
5439109824,139.2203125,36.23854167
5439109831,139.2171875,36.240625
5439109832,139.2140625,36.240625
5439109833,139.2171875,36.23854167
5439109834,139.2140625,36.23854167
5439109841,139.2234375,36.23645833
5439109842,139.2203125,36.23645833
5439109843,139.2234375,36.234375
5439109844,139.2203125,36.234375
5439109911,139.2171875,36.23645833
5439109912,139.2140625,36.23645833
5439109913,139.2171875,36.234375
5439109914,139.2140625,36.234375
5439109921,139.2109375,36.240625
5439109922,139.2078125,36.240625
5439109923,139.2109375,36.23854167
5439109924,139.2078125,36.23854167
5439109931,139.2046875,36.240625
5439109932,139.2015625,36.240625
5439109933,139.2046875,36.23854167
5439109934,139.2015625,36.23854167
5439109941,139.2109375,36.23645833
5439109942,139.2078125,36.23645833
5439109943,139.2109375,36.234375
5439109944,139.2078125,36.234375
5439117023,139.2046875,36.23645833
5439117024,139.2015625,36.23645833
5439117031,139.2046875,36.234375
5439117032,139.2015625,36.234375
5439117033,139.1984375,36.240625
5439117034,139.1953125,36.240625
5439117041,139.1984375,36.23854167
5439117042,139.1953125,36.23854167
5439117043,139.1921875,36.240625
5439117044,139.1890625,36.240625
5439117133,139.1921875,36.23854167
5439117134,139.1890625,36.23854167
5439118011,139.1984375,36.23645833
5439118012,139.1953125,36.23645833
5439118013,139.1984375,36.234375
5439118014,139.1953125,36.234375
5439118021,139.1921875,36.23645833
5439118022,139.1890625,36.23645833
5439118023,139.1921875,36.234375
5439118024,139.1890625,36.234375
5439118031,139.1859375,36.240625
5439118032,139.1828125,36.240625
5439118033,139.1859375,36.23854167
5439118034,139.1828125,36.23854167
5439118041,139.1796875,36.240625
5439118042,139.1765625,36.240625
5439118043,139.1796875,36.23854167
5439118044,139.1765625,36.23854167
5439118111,139.1859375,36.23645833
5439118112,139.1828125,36.23645833
5439118113,139.1859375,36.234375
5439118114,139.1828125,36.234375
5439118121,139.1796875,36.23645833
5439118123,139.1765625,36.23645833
5439118131,139.1796875,36.234375
5439118132,139.1765625,36.234375
5439118133,139.1734375,36.240625
5439118134,139.1703125,36.240625
5439118141,139.1734375,36.23854167
5439118143,139.1703125,36.23854167
5439119011,139.1671875,36.240625
5439119012,139.1640625,36.240625
5439119013,139.1671875,36.23854167
5439119014,139.1640625,36.23854167
5439119021,139.1734375,36.23645833
5439119022,139.1703125,36.23645833
5439119023,139.1734375,36.234375
5439119024,139.1703125,36.234375
5439119031,139.1671875,36.23645833
5439119032,139.1671875,36.234375
5439119033,139.1640625,36.234375
5439119034,139.1609375,36.240625
5439119041,139.1609375,36.234375
5439119042,139.1578125,36.234375
5439119043,139.2484375,36.23229167
5439119044,139.2453125,36.23229167
5439119111,139.2453125,36.23020833
5439119112,139.2421875,36.23229167
5439119113,139.2390625,36.23229167
5439119114,139.2421875,36.23020833
5439119121,139.2390625,36.23020833
5439119131,139.2453125,36.228125
5439119132,139.2421875,36.228125
5439119133,139.2390625,36.228125
5439119134,139.2421875,36.22604167
5439119143,139.2390625,36.22604167
5439200611,139.2359375,36.23229167
5439200612,139.2328125,36.23229167
5439200613,139.2359375,36.23020833
5439200614,139.2328125,36.23020833
5439200621,139.2296875,36.23229167
5439200622,139.2265625,36.23229167
5439200623,139.2296875,36.23020833
5439200624,139.2265625,36.23020833
5439200631,139.2359375,36.228125
5439200632,139.2328125,36.228125
5439200633,139.2359375,36.22604167
5439200634,139.2328125,36.22604167
5439200641,139.2296875,36.228125
5439200642,139.2265625,36.228125
5439200643,139.2296875,36.22604167
5439200644,139.2265625,36.22604167
5439200711,139.2234375,36.23229167
5439200712,139.2203125,36.23229167
5439200713,139.2234375,36.23020833
5439200714,139.2203125,36.23020833
5439200721,139.2171875,36.23229167
5439200722,139.2140625,36.23229167
5439200723,139.2171875,36.23020833
5439200724,139.2140625,36.23020833
5439200731,139.2234375,36.228125
5439200732,139.2203125,36.228125
5439200733,139.2171875,36.228125
5439200734,139.2140625,36.228125
5439200741,139.2171875,36.22604167
5439200742,139.2140625,36.22604167
5439200743,139.2109375,36.23229167
5439200744,139.2078125,36.23229167
5439200811,139.2109375,36.23020833
5439200812,139.2078125,36.23020833
5439200813,139.2046875,36.23229167
5439200814,139.2015625,36.23229167
5439200821,139.2046875,36.23020833
5439200822,139.2015625,36.23020833
5439200823,139.2109375,36.228125
5439200824,139.2078125,36.228125
5439200831,139.2109375,36.22604167
5439200832,139.2078125,36.22604167
5439200833,139.2046875,36.228125
5439200834,139.2015625,36.228125
5439200841,139.2046875,36.22604167
5439200842,139.2015625,36.22604167
5439200843,139.1984375,36.23229167
5439200844,139.1953125,36.23229167
5439200911,139.1984375,36.23020833
5439200912,139.1953125,36.23020833
5439200913,139.1921875,36.23229167
5439200914,139.1890625,36.23229167
5439200921,139.1921875,36.23020833
5439200922,139.1890625,36.23020833
5439200923,139.1984375,36.228125
5439200924,139.1953125,36.228125
5439200931,139.1984375,36.22604167
5439200932,139.1953125,36.22604167
5439200933,139.1921875,36.228125
5439200934,139.1890625,36.228125
5439200941,139.1921875,36.22604167
5439200942,139.1890625,36.22604167
5439200943,139.1859375,36.23229167
5439200944,139.1828125,36.23229167
5439201611,139.1859375,36.23020833
5439201612,139.1828125,36.23020833
5439201613,139.1796875,36.23229167
5439201614,139.1765625,36.23229167
5439201621,139.1796875,36.23020833
5439201622,139.1765625,36.23020833
5439201623,139.1859375,36.228125
5439201624,139.1828125,36.228125
5439201631,139.1859375,36.22604167
5439201632,139.1828125,36.22604167
5439201634,139.1796875,36.228125
5439201641,139.1765625,36.228125
5439201642,139.1796875,36.22604167
5439201643,139.1765625,36.22604167
5439201644,139.1734375,36.23229167
5439201711,139.1703125,36.23229167
5439201712,139.1734375,36.23020833
5439201713,139.1703125,36.23020833
5439201714,139.1671875,36.23229167
5439201721,139.1640625,36.23229167
5439201722,139.1671875,36.23020833
5439201723,139.1640625,36.23020833
5439201724,139.1734375,36.228125
5439201731,139.1703125,36.228125
5439201732,139.1734375,36.22604167
5439201733,139.1703125,36.22604167
5439201734,139.1671875,36.228125
5439201741,139.1640625,36.228125
5439201742,139.1671875,36.22604167
5439201743,139.1640625,36.22604167
5439201744,139.1609375,36.23229167
5439201811,139.1578125,36.23229167
5439201812,139.1609375,36.23020833
5439201813,139.1578125,36.23020833
5439201814,139.1546875,36.23229167
5439201821,139.1546875,36.23020833
5439201822,139.1515625,36.23020833
5439201823,139.1609375,36.228125
5439201824,139.1578125,36.228125
5439201831,139.1609375,36.22604167
5439201832,139.1578125,36.22604167
5439201833,139.1546875,36.228125
5439201834,139.1515625,36.228125
5439201841,139.1546875,36.22604167
5439201842,139.1515625,36.22604167
5439201843,139.1484375,36.228125
5439201844,139.1484375,36.22604167
5439201911,139.1453125,36.22604167
5439201912,139.2421875,36.22395833
5439201913,139.2390625,36.22395833
5439201914,139.2359375,36.22395833
5439201921,139.2328125,36.22395833
5439201922,139.2296875,36.22395833
5439201923,139.2265625,36.22395833
5439201924,139.2171875,36.22395833
5439201931,139.2140625,36.22395833
5439201932,139.2171875,36.221875
5439201933,139.2140625,36.221875
5439201934,139.2109375,36.22395833
5439201941,139.2078125,36.22395833
5439201942,139.2109375,36.221875
5439201943,139.2078125,36.221875
5439201944,139.2046875,36.22395833
5439202612,139.2015625,36.22395833
5439202621,139.2046875,36.221875
5439202622,139.2015625,36.221875
5439202623,139.2046875,36.21979167
5439202624,139.2015625,36.21979167
5439202641,139.2015625,36.21770833
5439202642,139.1984375,36.22395833
5439202643,139.1953125,36.22395833
5439202711,139.1984375,36.221875
5439202712,139.1953125,36.221875
5439202713,139.1921875,36.22395833
5439202714,139.1890625,36.22395833
5439202721,139.1921875,36.221875
5439202722,139.1890625,36.221875
5439202723,139.1984375,36.21979167
5439202724,139.1953125,36.21979167
5439202731,139.1984375,36.21770833
5439202732,139.1953125,36.21770833
5439202734,139.1921875,36.21979167
5439202741,139.1890625,36.21979167
5439202742,139.1921875,36.21770833
5439202743,139.1890625,36.21770833
5439202744,139.1859375,36.22395833
5439202811,139.1828125,36.22395833
5439202812,139.1859375,36.221875
5439202813,139.1828125,36.221875
5439202814,139.1796875,36.22395833
5439202821,139.1765625,36.22395833
5439202822,139.1796875,36.221875
5439202823,139.1765625,36.221875
5439202824,139.1859375,36.21979167
5439202831,139.1828125,36.21979167
5439202832,139.1859375,36.21770833
5439202833,139.1828125,36.21770833
5439202834,139.1796875,36.21979167
5439202841,139.1765625,36.21979167
5439202842,139.1796875,36.21770833
5439202843,139.1765625,36.21770833
5439202844,139.1734375,36.22395833
5439202911,139.1703125,36.22395833
5439202912,139.1734375,36.221875
5439202913,139.1703125,36.221875
5439202914,139.1671875,36.22395833
5439202921,139.1640625,36.22395833
5439202922,139.1671875,36.221875
5439202923,139.1640625,36.221875
5439202924,139.1734375,36.21979167
5439202931,139.1703125,36.21979167
5439202932,139.1734375,36.21770833
5439202933,139.1703125,36.21770833
5439202934,139.1671875,36.21979167
5439202941,139.1640625,36.21979167
5439202942,139.1671875,36.21770833
5439202943,139.1640625,36.21770833
5439202944,139.1609375,36.22395833
5439203721,139.1578125,36.22395833
5439203722,139.1609375,36.221875
5439203811,139.1578125,36.221875
5439203812,139.1546875,36.22395833
5439203813,139.1515625,36.22395833
5439203814,139.1546875,36.221875
5439203821,139.1515625,36.221875
5439203822,139.1609375,36.21979167
5439203823,139.1578125,36.21979167
5439203824,139.1609375,36.21770833
5439203841,139.1578125,36.21770833
5439203842,139.1546875,36.21979167
5439203843,139.1515625,36.21979167
5439203844,139.1546875,36.21770833
5439203911,139.1515625,36.21770833
5439203912,139.1484375,36.22395833
5439203913,139.1453125,36.22395833
5439203914,139.1484375,36.221875
5439203921,139.1453125,36.221875
5439203922,139.1421875,36.22395833
5439203923,139.1390625,36.22395833
5439203924,139.1421875,36.221875
5439203931,139.1390625,36.221875
5439203932,139.1484375,36.21979167
5439203933,139.1453125,36.21979167
5439203934,139.1484375,36.21770833
5439203941,139.1453125,36.21770833
5439203942,139.1421875,36.21979167
5439203943,139.1390625,36.21979167
5439203944,139.1421875,36.21770833
5439204822,139.1390625,36.21770833
5439204824,139.1359375,36.221875
5439204842,139.1359375,36.21979167
5439204843,139.1328125,36.21979167
5439204844,139.1359375,36.21770833
5439204911,139.1328125,36.21770833
5439204912,139.1296875,36.21770833
5439204913,139.1984375,36.215625
5439204914,139.1953125,36.215625
5439204921,139.1953125,36.21354167
5439204922,139.1921875,36.215625
5439204923,139.1890625,36.215625
5439204931,139.1921875,36.21354167
5439204932,139.1890625,36.21354167
5439204933,139.1953125,36.21145833
5439204941,139.1953125,36.209375
5439210011,139.1921875,36.21145833
5439210012,139.1890625,36.21145833
5439210013,139.1921875,36.209375
5439210014,139.1890625,36.209375
5439210021,139.1859375,36.215625
5439210022,139.1828125,36.215625
5439210023,139.1859375,36.21354167
5439210024,139.1828125,36.21354167
5439210031,139.1796875,36.215625
5439210032,139.1765625,36.215625
5439210033,139.1796875,36.21354167
5439210034,139.1765625,36.21354167
5439210041,139.1859375,36.21145833
5439210042,139.1828125,36.21145833
5439210043,139.1859375,36.209375
5439210044,139.1828125,36.209375
5439210111,139.1796875,36.21145833
5439210112,139.1765625,36.21145833
5439210113,139.1796875,36.209375
5439210114,139.1734375,36.215625
5439210121,139.1703125,36.215625
5439210122,139.1734375,36.21354167
5439210123,139.1703125,36.21354167
5439210124,139.1671875,36.215625
5439210131,139.1640625,36.215625
5439210132,139.1671875,36.21354167
5439210133,139.1640625,36.21354167
5439210134,139.1734375,36.21145833
5439210141,139.1703125,36.21145833
5439210142,139.1703125,36.209375
5439210143,139.1671875,36.21145833
5439210144,139.1640625,36.21145833
5439210213,139.1671875,36.209375
5439210231,139.1640625,36.209375
5439210233,139.1609375,36.215625
5439210234,139.1578125,36.215625
5439211011,139.1609375,36.21354167
5439211012,139.1578125,36.21354167
5439211013,139.1546875,36.215625
5439211014,139.1515625,36.215625
5439211021,139.1546875,36.21354167
5439211022,139.1515625,36.21354167
5439211023,139.1609375,36.21145833
5439211024,139.1578125,36.21145833
5439211031,139.1609375,36.209375
5439211032,139.1578125,36.209375
5439211033,139.1546875,36.21145833
5439211034,139.1515625,36.21145833
5439211041,139.1546875,36.209375
5439211042,139.1515625,36.209375
5439211043,139.1484375,36.215625
5439211044,139.1453125,36.215625
5439211111,139.1484375,36.21354167
5439211112,139.1453125,36.21354167
5439211113,139.1421875,36.215625
5439211114,139.1390625,36.215625
5439211121,139.1421875,36.21354167
5439211122,139.1390625,36.21354167
5439211123,139.1484375,36.21145833
5439211124,139.1453125,36.21145833
5439211131,139.1484375,36.209375
5439211132,139.1453125,36.209375
5439211133,139.1421875,36.21145833
5439211134,139.1390625,36.21145833
5439211141,139.1421875,36.209375
5439211142,139.1390625,36.209375
5439211143,139.1359375,36.215625
5439211144,139.1328125,36.215625
5439211211,139.1359375,36.21354167
5439211212,139.1328125,36.21354167
5439211213,139.1296875,36.215625
5439211214,139.1265625,36.215625
5439211231,139.1296875,36.21354167
5439211233,139.1359375,36.21145833
5439212011,139.1328125,36.21145833
5439212012,139.1359375,36.209375
5439212013,139.1328125,36.209375
5439212014,139.1296875,36.21145833
5439212021,139.1296875,36.209375
5439212022,139.1265625,36.209375
5439212023,139.1953125,36.20729167
5439212024,139.1921875,36.20729167
5439212031,139.1671875,36.20729167
5439212032,139.1640625,36.20729167
5439212033,139.1640625,36.20520833
5439212034,139.1640625,36.203125
5439212041,139.1609375,36.20729167
5439212042,139.1578125,36.20729167
5439212043,139.1609375,36.20520833
5439212044,139.1578125,36.20520833
5439212111,139.1546875,36.20729167
5439212112,139.1515625,36.20729167
5439212113,139.1546875,36.20520833
5439212114,139.1515625,36.20520833
5439212121,139.1609375,36.203125
5439212122,139.1578125,36.203125
5439212123,139.1609375,36.20104167
5439212124,139.1578125,36.20104167
5439212131,139.1546875,36.203125
5439212132,139.1515625,36.203125
5439212133,139.1546875,36.20104167
5439212134,139.1515625,36.20104167
5439212141,139.1484375,36.20729167
5439212142,139.1453125,36.20729167
5439212143,139.1484375,36.20520833
5439212144,139.1453125,36.20520833
5439212211,139.1421875,36.20729167
5439212212,139.1390625,36.20729167
5439212213,139.1421875,36.20520833
5439212214,139.1390625,36.20520833
5439212231,139.1484375,36.203125
5439212232,139.1453125,36.203125
5439212233,139.1484375,36.20104167
5439212234,139.1453125,36.20104167
5439212243,139.1421875,36.203125
5439213011,139.1390625,36.203125
5439213012,139.1421875,36.20104167
5439213013,139.1390625,36.20104167
5439213014,139.1359375,36.20729167
5439213021,139.1328125,36.20729167
5439213022,139.1359375,36.20520833
5439213023,139.1328125,36.20520833
5439213024,139.1296875,36.20729167
5439213031,139.1265625,36.20729167
5439213032,139.1296875,36.20520833
5439213033,139.1265625,36.20520833
5439213034,139.1359375,36.203125
5439213041,139.1328125,36.203125
5439213042,139.1359375,36.20104167
5439213043,139.1328125,36.20104167
5439213044,139.1296875,36.203125
5439213111,139.1296875,36.20104167
5439213112,139.1265625,36.20104167
5439213113,139.1609375,36.19895833
5439213114,139.1578125,36.19895833
5439213121,139.1609375,36.196875
5439213122,139.1578125,36.196875
5439213123,139.1546875,36.19895833
5439213124,139.1515625,36.19895833
5439213131,139.1546875,36.196875
5439213132,139.1515625,36.196875
5439213133,139.1609375,36.19479167
5439213134,139.1578125,36.19479167
5439213141,139.1609375,36.19270833
5439213142,139.1578125,36.19270833
5439213143,139.1546875,36.19479167
5439213144,139.1515625,36.19479167
5439213211,139.1546875,36.19270833
5439213212,139.1515625,36.19270833
5439213213,139.1484375,36.19895833
5439213214,139.1453125,36.19895833
5439213221,139.1484375,36.196875
5439213222,139.1453125,36.196875
5439213223,139.1421875,36.19895833
5439213224,139.1390625,36.19895833
5439213231,139.1421875,36.196875
5439213232,139.1390625,36.196875
5439213233,139.1484375,36.19479167
5439213234,139.1453125,36.19479167
5439213241,139.1484375,36.19270833
5439213242,139.1453125,36.19270833
5439213243,139.1421875,36.19479167
5439213244,139.1390625,36.19479167
5439214011,139.1421875,36.19270833
5439214012,139.1390625,36.19270833
5439214014,139.1359375,36.19895833
5439214021,139.1328125,36.19895833
5439214022,139.1359375,36.196875
5439214023,139.1328125,36.196875
5439214024,139.1296875,36.19895833
5439214031,139.1265625,36.19895833
5439214032,139.1296875,36.196875
5439214033,139.1265625,36.196875
5439214034,139.1359375,36.19479167
5439214041,139.1328125,36.19479167
5439214042,139.1359375,36.19270833
5439214043,139.1328125,36.19270833
5439214044,139.1296875,36.19479167
5439214111,139.1265625,36.19479167
5439214112,139.1296875,36.19270833
5439214113,139.1265625,36.19270833
5439214114,139.1578125,36.190625
5439214121,139.1546875,36.190625
5439214122,139.1515625,36.190625
5439214123,139.1546875,36.18854167
5439214124,139.1515625,36.18854167
5439214131,139.1546875,36.18645833
5439214132,139.1515625,36.18645833
5439214133,139.1546875,36.184375
5439214134,139.1515625,36.184375
5439214141,139.1484375,36.190625
5439214142,139.1453125,36.190625
5439214143,139.1484375,36.18854167
5439214144,139.1453125,36.18854167
5439214211,139.1421875,36.190625
5439214212,139.1390625,36.190625
5439214213,139.1421875,36.18854167
5439214214,139.1390625,36.18854167
5439214221,139.1484375,36.18645833
5439214222,139.1453125,36.18645833
5439214223,139.1484375,36.184375
5439214224,139.1453125,36.184375
5439214231,139.1421875,36.18645833
5439214232,139.1390625,36.18645833
5439214233,139.1421875,36.184375
5439214234,139.1390625,36.184375
5439214241,139.1359375,36.190625
5439214242,139.1328125,36.190625
5439214243,139.1359375,36.18854167
5439214244,139.1328125,36.18854167
5439214313,139.1296875,36.190625
5439214331,139.1265625,36.190625
5439214333,139.1296875,36.18854167
5439214334,139.1265625,36.18854167
5439214534,139.1359375,36.18645833
5439214543,139.1328125,36.18645833
5439215011,139.1359375,36.184375
5439215012,139.1328125,36.184375
5439215014,139.1296875,36.18645833
5439215021,139.1265625,36.18645833
5439215022,139.1296875,36.184375
5439215023,139.1265625,36.184375
5439215024,139.1515625,36.18229167
5439215032,139.1515625,36.18020833
5439215033,139.1546875,36.178125
5439215034,139.1515625,36.178125
5439215041,139.1546875,36.17604167
5439215042,139.1515625,36.17604167
5439215043,139.1484375,36.18229167
5439215044,139.1453125,36.18229167
5439215111,139.1484375,36.18020833
5439215112,139.1453125,36.18020833
5439215113,139.1421875,36.18229167
5439215114,139.1390625,36.18229167
5439215121,139.1421875,36.18020833
5439215122,139.1390625,36.18020833
5439215123,139.1484375,36.178125
5439215124,139.1453125,36.178125
5439215131,139.1484375,36.17604167
5439215132,139.1453125,36.17604167
5439215133,139.1421875,36.178125
5439215134,139.1390625,36.178125
5439215141,139.1421875,36.17604167
5439215142,139.1390625,36.17604167
5439215143,139.1359375,36.18229167
5439215144,139.1328125,36.18229167
5439215211,139.1359375,36.18020833
5439215212,139.1328125,36.18020833
5439215213,139.1296875,36.18229167
5439215214,139.1265625,36.18229167
5439215221,139.1296875,36.18020833
5439215222,139.1265625,36.18020833
5439215223,139.1359375,36.178125
5439215224,139.1328125,36.178125
5439215231,139.1359375,36.17604167
5439215232,139.1328125,36.17604167
5439215233,139.1296875,36.178125
5439215234,139.1265625,36.178125
5439215241,139.1296875,36.17604167
5439215242,139.1265625,36.17604167
5439215243,139.1546875,36.17395833
5439215244,139.1515625,36.17395833
5439215311,139.1515625,36.171875
5439215312,139.1515625,36.16979167
5439215313,139.1484375,36.17395833
5439215314,139.1453125,36.17395833
5439215321,139.1484375,36.171875
5439215323,139.1453125,36.171875
5439215324,139.1421875,36.17395833
5439215331,139.1390625,36.17395833
5439215332,139.1421875,36.171875
5439215333,139.1390625,36.171875
5439215334,139.1484375,36.16979167
5439215341,139.1453125,36.16979167
5439215342,139.1484375,36.16770833
5439215343,139.1453125,36.16770833
5439215344,139.1421875,36.16979167
5439215412,139.1390625,36.16979167
5439215413,139.1421875,36.16770833
5439215414,139.1390625,36.16770833
5439215421,139.1359375,36.17395833
5439215422,139.1328125,36.17395833
5439215423,139.1359375,36.171875
5439215424,139.1328125,36.171875
5439215431,139.1296875,36.17395833
5439215432,139.1265625,36.17395833
5439215433,139.1296875,36.171875
5439215434,139.1265625,36.171875
5439215441,139.1359375,36.16979167
5439215442,139.1328125,36.16979167
5439215443,139.1359375,36.16770833
5439215444,139.1328125,36.16770833
5439215511,139.1296875,36.16979167
5439215512,139.1265625,36.16979167
5439215513,139.1296875,36.16770833
5439215514,139.1265625,36.16770833
5439215521,139.1203125,36.20520833
5439215523,139.1140625,36.20729167
5439215531,139.1171875,36.20520833
5439215532,139.1140625,36.20520833
5439215533,139.1203125,36.203125
5439215534,139.1234375,36.20104167
5439215541,139.1203125,36.20104167
5439215543,139.1171875,36.203125
5439215544,139.1140625,36.203125
5439216012,139.1171875,36.20104167
5439216021,139.1140625,36.20104167
5439216022,139.1109375,36.20729167
5439216023,139.1078125,36.20729167
5439216024,139.1109375,36.20520833
5439216042,139.1109375,36.203125
5439216111,139.1109375,36.20104167
5439216112,139.1234375,36.19895833
5439216113,139.1203125,36.19895833
5439216114,139.1234375,36.196875
5439216121,139.1203125,36.196875
5439216122,139.1171875,36.19895833
5439216123,139.1140625,36.19895833
5439216124,139.1171875,36.196875
5439216131,139.1140625,36.196875
5439216132,139.1234375,36.19479167
5439216133,139.1203125,36.19479167
5439216134,139.1234375,36.19270833
5439216141,139.1203125,36.19270833
5439216142,139.1171875,36.19479167
5439216143,139.1140625,36.19479167
5439216144,139.1171875,36.19270833
5439216211,139.1140625,36.19270833
5439216212,139.1109375,36.19895833
5439216213,139.1078125,36.19895833
5439216214,139.1109375,36.196875
5439216221,139.1078125,36.196875
5439216222,139.1109375,36.19479167
5439216223,139.1078125,36.19479167
5439216224,139.1109375,36.19270833
5439216231,139.1078125,36.19270833
5439216232,139.1046875,36.19479167
5439216233,139.1015625,36.19479167
5439216234,139.1046875,36.19270833
5439216241,139.1015625,36.19270833
5439216242,139.0984375,36.19270833
5439216243,139.0953125,36.19270833
5439216244,139.1234375,36.190625
5439216311,139.1203125,36.190625
5439216312,139.1234375,36.18854167
5439216313,139.1203125,36.18854167
5439216314,139.1171875,36.190625
5439216321,139.1140625,36.190625
5439216322,139.1171875,36.18854167
5439216323,139.1140625,36.18854167
5439216324,139.1234375,36.18645833
5439216331,139.1203125,36.18645833
5439216332,139.1234375,36.184375
5439216333,139.1203125,36.184375
5439216334,139.1171875,36.18645833
5439216341,139.1140625,36.18645833
5439216342,139.1171875,36.184375
5439216343,139.1140625,36.184375
5439216344,139.1109375,36.190625
5439216411,139.1078125,36.190625
5439216412,139.1109375,36.18854167
5439216413,139.1078125,36.18854167
5439216414,139.1046875,36.190625
5439216421,139.1015625,36.190625
5439216422,139.1046875,36.18854167
5439216423,139.1015625,36.18854167
5439216424,139.1109375,36.18645833
5439216431,139.1078125,36.18645833
5439216432,139.1109375,36.184375
5439216433,139.1078125,36.184375
5439216434,139.1046875,36.18645833
5439216441,139.1015625,36.18645833
5439216442,139.1046875,36.184375
5439216443,139.1015625,36.184375
5439216444,139.0984375,36.190625
5439216511,139.0953125,36.190625
5439216512,139.0984375,36.18854167
5439216513,139.0953125,36.18854167
5439216514,139.0921875,36.190625
5439216521,139.0921875,36.18854167
5439216522,139.0890625,36.18854167
5439216523,139.0984375,36.18645833
5439216524,139.0953125,36.18645833
5439216531,139.0984375,36.184375
5439216532,139.0953125,36.184375
5439216533,139.0921875,36.18645833
5439216534,139.0890625,36.18645833
5439216541,139.0921875,36.184375
5439216542,139.0890625,36.184375
5439216543,139.0828125,36.190625
5439216544,139.0859375,36.18854167
5439216611,139.0828125,36.18854167
5439216613,139.0859375,36.18645833
5439216614,139.0828125,36.18645833
5439216631,139.0859375,36.184375
5439216632,139.0828125,36.184375
5439216633,139.0796875,36.184375
5439216634,139.1234375,36.18229167
5439216641,139.1203125,36.18229167
5439216642,139.1234375,36.18020833
5439216643,139.1203125,36.18020833
5439216644,139.1171875,36.18229167
5439216731,139.1140625,36.18229167
5439216732,139.1171875,36.18020833
5439216733,139.1140625,36.18020833
5439216734,139.1234375,36.178125
5439216833,139.1203125,36.178125
5439216834,139.1234375,36.17604167
5439216843,139.1203125,36.17604167
5439216844,139.1171875,36.178125
5439216933,139.1140625,36.178125
5439216934,139.1171875,36.17604167
5439217121,139.1140625,36.17604167
5439217122,139.1109375,36.18229167
5439217124,139.1078125,36.18229167
5439217211,139.1109375,36.18020833
5439217212,139.1078125,36.18020833
5439217213,139.1046875,36.18229167
5439217214,139.1015625,36.18229167
5439217221,139.1046875,36.18020833
5439217222,139.1015625,36.18020833
5439217223,139.1109375,36.178125
5439217224,139.1078125,36.178125
5439217231,139.1109375,36.17604167
5439217232,139.1078125,36.17604167
5439217234,139.1046875,36.178125
5439217241,139.1015625,36.178125
5439217242,139.1046875,36.17604167
5439217243,139.1015625,36.17604167
5439217244,139.0984375,36.18229167
5439217311,139.0953125,36.18229167
5439217312,139.0984375,36.18020833
5439217313,139.0953125,36.18020833
5439217314,139.0921875,36.18229167
5439217321,139.0890625,36.18229167
5439217322,139.0921875,36.18020833
5439217323,139.0890625,36.18020833
5439217324,139.0984375,36.178125
5439217331,139.0953125,36.178125
5439217332,139.0984375,36.17604167
5439217333,139.0953125,36.17604167
5439217334,139.0921875,36.178125
5439217341,139.0890625,36.178125
5439217342,139.0921875,36.17604167
5439217343,139.0890625,36.17604167
5439217344,139.0859375,36.18229167
5439217411,139.0828125,36.18229167
5439217412,139.0859375,36.18020833
5439217413,139.0828125,36.18020833
5439217414,139.0796875,36.18229167
5439217421,139.0796875,36.18020833
5439217422,139.0765625,36.18020833
5439217423,139.0859375,36.178125
5439217424,139.0828125,36.178125
5439217431,139.0859375,36.17604167
5439217432,139.0828125,36.17604167
5439217433,139.0796875,36.178125
5439217434,139.0765625,36.178125
5439217441,139.0796875,36.17604167
5439217442,139.0765625,36.17604167
5439217443,139.1234375,36.17395833
5439217444,139.1203125,36.17395833
5439217511,139.1234375,36.171875
5439217512,139.1203125,36.171875
5439217513,139.1171875,36.17395833
5439217514,139.1140625,36.17395833
5439217521,139.1171875,36.171875
5439217522,139.1140625,36.171875
5439217523,139.1234375,36.16979167
5439217524,139.1203125,36.16979167
5439217531,139.1234375,36.16770833
5439217532,139.1203125,36.16770833
5439217533,139.1171875,36.16979167
5439217534,139.1140625,36.16979167
5439217541,139.1171875,36.16770833
5439217542,139.1140625,36.16770833
5439217543,139.1109375,36.17395833
5439217544,139.1078125,36.17395833
5439217611,139.1109375,36.171875
5439217612,139.1078125,36.171875
5439217613,139.1046875,36.17395833
5439217614,139.1015625,36.17395833
5439217621,139.1046875,36.171875
5439217622,139.1015625,36.171875
5439217623,139.1109375,36.16979167
5439217624,139.1078125,36.16979167
5439217631,139.1109375,36.16770833
5439217632,139.1078125,36.16770833
5439217633,139.1046875,36.16979167
5439217634,139.1015625,36.16979167
5439217641,139.1046875,36.16770833
5439217642,139.1015625,36.16770833
5439217643,139.0984375,36.17395833
5439217644,139.0953125,36.17395833
5439217711,139.0984375,36.171875
5439217712,139.0953125,36.171875
5439217713,139.0921875,36.17395833
5439217714,139.0890625,36.17395833
5439217723,139.0921875,36.171875
5439217724,139.0890625,36.171875
5439217731,139.0984375,36.16979167
5439217732,139.0953125,36.16979167
5439217733,139.0984375,36.16770833
5439217734,139.0953125,36.16770833
5439217741,139.0921875,36.16979167
5439217742,139.0890625,36.16979167
5439217743,139.0921875,36.16770833
5439217744,139.0890625,36.16770833
5439217811,139.0859375,36.17395833
5439217812,139.0828125,36.17395833
5439217813,139.0859375,36.171875
5439217814,139.0828125,36.171875
5439217821,139.0796875,36.17395833
5439217822,139.0765625,36.17395833
5439217823,139.0796875,36.171875
5439217824,139.0765625,36.171875
5439217831,139.0859375,36.16979167
5439217832,139.0828125,36.16979167
5439217833,139.0859375,36.16770833
5439217834,139.0828125,36.16770833
5439217841,139.0796875,36.16979167
5439217842,139.0765625,36.16979167
5439217843,139.0796875,36.16770833
5439217844,139.0765625,36.16770833
5439217911,139.1453125,36.165625
5439217912,139.1421875,36.165625
5439217913,139.1390625,36.165625
5439217914,139.1421875,36.16354167
5439217923,139.1390625,36.16354167
5439217931,139.1453125,36.159375
5439217932,139.1421875,36.16145833
5439217933,139.1390625,36.16145833
5439217934,139.1421875,36.159375
5439217941,139.1390625,36.159375
5439217943,139.1359375,36.165625
5439217944,139.1328125,36.165625
5439218221,139.1359375,36.16354167
5439218222,139.1328125,36.16354167
5439218244,139.1296875,36.165625
5439218311,139.1265625,36.165625
5439218312,139.1296875,36.16354167
5439218314,139.1265625,36.16354167
5439218321,139.1359375,36.16145833
5439218322,139.1328125,36.16145833
5439218323,139.1359375,36.159375
5439218324,139.1328125,36.159375
5439218331,139.1296875,36.16145833
5439218332,139.1265625,36.16145833
5439218333,139.1296875,36.159375
5439218334,139.1265625,36.159375
5439218341,139.1453125,36.15729167
5439218342,139.1453125,36.15520833
5439218343,139.1421875,36.15729167
5439218344,139.1390625,36.15729167
5439218411,139.1421875,36.15520833
5439218412,139.1390625,36.15520833
5439218413,139.1453125,36.153125
5439218414,139.1453125,36.15104167
5439218421,139.1421875,36.153125
5439218422,139.1390625,36.153125
5439218423,139.1421875,36.15104167
5439218424,139.1390625,36.15104167
5439218431,139.1359375,36.15729167
5439218432,139.1328125,36.15729167
5439218433,139.1359375,36.15520833
5439218434,139.1328125,36.15520833
5439218441,139.1296875,36.15729167
5439218442,139.1265625,36.15729167
5439218443,139.1296875,36.15520833
5439218444,139.1265625,36.15520833
5439218511,139.1359375,36.153125
5439218512,139.1328125,36.153125
5439218513,139.1359375,36.15104167
5439218514,139.1328125,36.15104167
5439218521,139.1296875,36.153125
5439218522,139.1265625,36.153125
5439218523,139.1296875,36.15104167
5439218524,139.1265625,36.15104167
5439218531,139.1421875,36.14895833
5439218532,139.1390625,36.14895833
5439218533,139.1359375,36.14895833
5439218534,139.1328125,36.14895833
5439218541,139.1359375,36.146875
5439218542,139.1328125,36.146875
5439218543,139.1296875,36.14895833
5439218544,139.1265625,36.14895833
5439218611,139.1296875,36.146875
5439218612,139.1265625,36.146875
5439218613,139.1359375,36.14479167
5439218614,139.1328125,36.14479167
5439218621,139.1234375,36.165625
5439218622,139.1203125,36.165625
5439218623,139.1234375,36.16354167
5439218624,139.1203125,36.16354167
5439218631,139.1171875,36.165625
5439218632,139.1140625,36.165625
5439218633,139.1171875,36.16354167
5439218634,139.1140625,36.16354167
5439218641,139.1234375,36.16145833
5439218642,139.1203125,36.16145833
5439218643,139.1234375,36.159375
5439218644,139.1203125,36.159375
5439218711,139.1171875,36.16145833
5439218712,139.1140625,36.16145833
5439218713,139.1171875,36.159375
5439218714,139.1140625,36.159375
5439218721,139.1109375,36.165625
5439218722,139.1078125,36.165625
5439218723,139.1109375,36.16354167
5439218724,139.1078125,36.16354167
5439218731,139.1046875,36.165625
5439218732,139.1015625,36.165625
5439218733,139.1046875,36.16354167
5439218734,139.1015625,36.16354167
5439218741,139.1109375,36.16145833
5439218742,139.1078125,36.16145833
5439218743,139.1109375,36.159375
5439218744,139.1078125,36.159375
5439218811,139.1046875,36.16145833
5439218812,139.1015625,36.16145833
5439218813,139.1046875,36.159375
5439218814,139.1015625,36.159375
5439218821,139.0984375,36.165625
5439218822,139.0953125,36.165625
5439218823,139.0984375,36.16354167
5439218824,139.0953125,36.16354167
5439218831,139.0921875,36.165625
5439218832,139.0890625,36.165625
5439218833,139.0921875,36.16354167
5439218834,139.0890625,36.16354167
5439218841,139.0984375,36.16145833
5439218842,139.0953125,36.16145833
5439218843,139.0984375,36.159375
5439218844,139.0953125,36.159375
5439218911,139.0921875,36.16145833
5439218912,139.0890625,36.16145833
5439218913,139.0921875,36.159375
5439218914,139.0890625,36.159375
5439218921,139.0859375,36.165625
5439218922,139.0828125,36.165625
5439218923,139.0859375,36.16354167
5439218931,139.0828125,36.16354167
5439218932,139.0796875,36.165625
5439218933,139.0765625,36.165625
5439218934,139.0796875,36.16354167
5439218941,139.0765625,36.16354167
5439219221,139.0859375,36.16145833
5439219222,139.0828125,36.16145833
5439219224,139.0859375,36.159375
5439219234,139.0828125,36.159375
5439219241,139.0796875,36.16145833
5439219242,139.0765625,36.16145833
5439219243,139.0796875,36.159375
5439219244,139.0765625,36.159375
5439219311,139.0703125,36.16354167
5439219312,139.0671875,36.16354167
5439219313,139.0734375,36.16145833
5439219314,139.0703125,36.16145833
5439219321,139.0734375,36.159375
5439219322,139.0703125,36.159375
5439219323,139.0671875,36.16145833
5439219324,139.0671875,36.159375
5439219331,139.1234375,36.15729167
5439219332,139.1203125,36.15729167
5439219333,139.1234375,36.15520833
5439219334,139.1203125,36.15520833
5439219341,139.1171875,36.15729167
5439219342,139.1140625,36.15729167
5439219343,139.1171875,36.15520833
5439219344,139.1140625,36.15520833
5439219411,139.1234375,36.153125
5439219412,139.1203125,36.153125
5439219413,139.1234375,36.15104167
5439219414,139.1203125,36.15104167
5439219421,139.1171875,36.153125
5439219422,139.1140625,36.153125
5439219423,139.1171875,36.15104167
5439219424,139.1140625,36.15104167
5439219431,139.1109375,36.15729167
5439219432,139.1078125,36.15729167
5439219433,139.1109375,36.15520833
5439219434,139.1078125,36.15520833
5439219441,139.1046875,36.15729167
5439219442,139.1015625,36.15729167
5439219443,139.1046875,36.15520833
5439219444,139.1015625,36.15520833
5439219511,139.1109375,36.153125
5439219512,139.1078125,36.153125
5439219513,139.1109375,36.15104167
5439219514,139.1078125,36.15104167
5439219521,139.1046875,36.153125
5439219522,139.1015625,36.153125
5439219523,139.1046875,36.15104167
5439219524,139.1015625,36.15104167
5439219531,139.0984375,36.15729167
5439219532,139.0953125,36.15729167
5439219533,139.0984375,36.15520833
5439219534,139.0953125,36.15520833
5439219541,139.0921875,36.15729167
5439219542,139.0890625,36.15729167
5439219543,139.0921875,36.15520833
5439219544,139.0890625,36.15520833
5439219611,139.0984375,36.153125
5439219612,139.0953125,36.153125
5439219613,139.0984375,36.15104167
5439219614,139.0953125,36.15104167
5439219621,139.0921875,36.153125
5439219622,139.0890625,36.153125
5439219623,139.0921875,36.15104167
5439219624,139.0890625,36.15104167
5439219631,139.0859375,36.15729167
5439219632,139.0828125,36.15729167
5439219633,139.0859375,36.15520833
5439219634,139.0828125,36.15520833
5439219641,139.0796875,36.15729167
5439219642,139.0765625,36.15729167
5439219643,139.0796875,36.15520833
5439219644,139.0765625,36.15520833
5439219711,139.0859375,36.153125
5439219712,139.0828125,36.153125
5439219713,139.0859375,36.15104167
5439219714,139.0828125,36.15104167
5439219721,139.0796875,36.153125
5439219722,139.0765625,36.153125
5439219723,139.0796875,36.15104167
5439219724,139.0765625,36.15104167
5439219731,139.0734375,36.15729167
5439219732,139.0703125,36.15729167
5439219733,139.0734375,36.15520833
5439219734,139.0703125,36.15520833
5439219741,139.0671875,36.15729167
5439219742,139.0671875,36.15520833
5439219743,139.0734375,36.153125
5439219744,139.0703125,36.153125
5439219811,139.0734375,36.15104167
5439219812,139.0703125,36.15104167
5439219813,139.0671875,36.153125
5439219814,139.1234375,36.14895833
5439219821,139.1203125,36.14895833
5439219822,139.1234375,36.146875
5439219823,139.1203125,36.146875
5439219824,139.1171875,36.14895833
5439219831,139.1140625,36.14895833
5439219832,139.1171875,36.146875
5439219833,139.1140625,36.146875
5439219834,139.1171875,36.14479167
5439219841,139.1140625,36.14479167
5439219842,139.1171875,36.14270833
5439219843,139.1140625,36.14270833
5439219844,139.1109375,36.14895833
5439219911,139.1078125,36.14895833
5439219912,139.1109375,36.146875
5439219913,139.1078125,36.146875
5439219914,139.1046875,36.14895833
5439219931,139.1015625,36.14895833
5439310212,139.1046875,36.146875
5439310221,139.1015625,36.146875
5439310222,139.1109375,36.14479167
5439310223,139.1078125,36.14479167
5439310224,139.1109375,36.14270833
5439310242,139.1078125,36.14270833
5439310244,139.1046875,36.14479167
5439310311,139.1015625,36.14479167
5439310312,139.1046875,36.14270833
5439310313,139.1015625,36.14270833
5439310314,139.0984375,36.14895833
5439310321,139.0953125,36.14895833
5439310322,139.0984375,36.146875
5439310323,139.0953125,36.146875
5439310324,139.0921875,36.14895833
5439310331,139.0890625,36.14895833
5439310332,139.0921875,36.146875
5439310333,139.0890625,36.146875
5439310334,139.0984375,36.14479167
5439310341,139.0953125,36.14479167
5439310342,139.0984375,36.14270833
5439310343,139.0953125,36.14270833
5439310344,139.0921875,36.14479167
5439310411,139.0890625,36.14479167
5439310412,139.0921875,36.14270833
5439310413,139.0890625,36.14270833
5439310414,139.0859375,36.14895833
5439310421,139.0828125,36.14895833
5439310422,139.0859375,36.146875
5439310423,139.0828125,36.146875
5439310424,139.0796875,36.14895833
5439310431,139.0765625,36.14895833
5439310432,139.0796875,36.146875
5439310433,139.0765625,36.146875
5439310434,139.0859375,36.14479167
5439310441,139.0828125,36.14479167
5439310442,139.0859375,36.14270833
5439310443,139.0828125,36.14270833
5439310444,139.0796875,36.14479167
5439310511,139.0765625,36.14479167
5439310512,139.0796875,36.14270833
5439310513,139.0765625,36.14270833
5439310514,139.0734375,36.14895833
5439310521,139.0703125,36.14895833
5439310522,139.0734375,36.146875
5439310523,139.0734375,36.14479167
5439310524,139.0734375,36.14270833
5439310531,139.0703125,36.14270833
5439310532,139.0671875,36.14479167
5439310533,139.0671875,36.14270833
5439310534,139.0640625,36.14270833
5439310541,139.1046875,36.140625
5439310542,139.1015625,36.140625
5439310543,139.1015625,36.13854167
5439310544,139.1015625,36.13645833
5439310611,139.0984375,36.140625
5439310612,139.0953125,36.140625
5439310613,139.0984375,36.13854167
5439310614,139.0953125,36.13854167
5439310621,139.0921875,36.140625
5439310622,139.0890625,36.140625
5439310623,139.0921875,36.13854167
5439310624,139.0890625,36.13854167
5439310631,139.0984375,36.13645833
5439310632,139.0953125,36.13645833
5439310633,139.0921875,36.13645833
5439310634,139.0890625,36.13645833
5439310641,139.0921875,36.134375
5439310642,139.0890625,36.134375
5439310643,139.0859375,36.140625
5439310644,139.0828125,36.140625
5439310711,139.0859375,36.13854167
5439310712,139.0828125,36.13854167
5439310713,139.0796875,36.140625
5439310714,139.0765625,36.140625
5439310721,139.0796875,36.13854167
5439310722,139.0765625,36.13854167
5439310723,139.0859375,36.13645833
5439310724,139.0828125,36.13645833
5439310731,139.0859375,36.134375
5439310732,139.0828125,36.134375
5439310733,139.0796875,36.13645833
5439310734,139.0765625,36.13645833
5439310741,139.0796875,36.134375
5439310742,139.0765625,36.134375
5439310743,139.0734375,36.140625
5439310744,139.0703125,36.140625
5439310811,139.0734375,36.13854167
5439310812,139.0703125,36.13854167
5439310813,139.0671875,36.140625
5439310814,139.0640625,36.140625
5439310821,139.0671875,36.13854167
5439310823,139.0640625,36.13854167
5439310831,139.0734375,36.13645833
5439310832,139.0703125,36.13645833
5439310833,139.0734375,36.134375
5439311224,139.0703125,36.134375
5439311242,139.0671875,36.13645833
5439311311,139.0640625,36.13645833
5439311312,139.0671875,36.134375
5439311313,139.0640625,36.134375
5439311314,139.0609375,36.13645833
5439311321,139.0609375,36.134375
5439311322,139.0578125,36.134375
5439311323,139.0890625,36.13229167
5439311324,139.0890625,36.13020833
5439311331,139.0890625,36.12604167
5439311332,139.0859375,36.13229167
5439311333,139.0828125,36.13229167
5439311334,139.0859375,36.13020833
5439311341,139.0828125,36.13020833
5439311342,139.0796875,36.13229167
5439311343,139.0765625,36.13229167
5439311344,139.0796875,36.13020833
5439311411,139.0765625,36.13020833
5439311412,139.0859375,36.128125
5439311413,139.0828125,36.128125
5439311414,139.0859375,36.12604167
5439311421,139.0828125,36.12604167
5439311422,139.0796875,36.128125
5439311423,139.0765625,36.128125
5439311424,139.0796875,36.12604167
5439311431,139.0765625,36.12604167
5439311432,139.0734375,36.13229167
5439311433,139.0703125,36.13229167
5439311434,139.0734375,36.13020833
5439311441,139.0703125,36.13020833
5439311442,139.0671875,36.13229167
5439311443,139.0640625,36.13229167
5439311444,139.0671875,36.13020833
5439311511,139.0640625,36.13020833
5439311512,139.0734375,36.128125
5439311513,139.0703125,36.128125
5439311514,139.0734375,36.12604167
5439311521,139.0703125,36.12604167
5439311522,139.0671875,36.128125
5439311523,139.0640625,36.128125
5439311524,139.0671875,36.12604167
5439311531,139.0640625,36.12604167
5439311532,139.0609375,36.13229167
5439311533,139.0578125,36.13229167
5439311534,139.0609375,36.13020833
5439311541,139.0578125,36.13020833
5439311542,139.0609375,36.128125
5439311611,139.0578125,36.128125
5439311612,139.0609375,36.12604167
5439311613,139.0578125,36.12604167
5439311614,139.0890625,36.12395833
5439311621,139.0859375,36.12395833
5439311622,139.0828125,36.12395833
5439311623,139.0828125,36.121875
5439311624,139.0796875,36.12395833
5439311631,139.0765625,36.12395833
5439311632,139.0796875,36.121875
5439311641,139.0765625,36.121875
5439312312,139.0765625,36.11979167
5439312321,139.0734375,36.12395833
5439312322,139.0703125,36.12395833
5439312323,139.0734375,36.121875
5439312324,139.0703125,36.121875
5439312341,139.0671875,36.12395833
5439312342,139.0640625,36.12395833
5439312343,139.0671875,36.121875
5439312344,139.0640625,36.121875
5439312411,139.0734375,36.11979167
5439312412,139.0703125,36.11979167
5439312413,139.0734375,36.11770833
5439312414,139.0703125,36.11770833
5439312421,139.0671875,36.11979167
5439312422,139.0609375,36.12395833
5439312423,139.0578125,36.12395833
5439312431,139.0609375,36.121875
0,0,0
