mesh_code,y0-4,y5-9,y10-14,y15-19,y20-24,y25-29,y30-34,y35-39,y40-44,y45-49,y50-54,y55-59,y60-64,y65-69,y70-74,y75-79,y80-84,y85-89,y90-94,y95-99,y100-104
5439104543,0.00 ,0.00 ,0.00 ,1.00 ,0.88 ,0.93 ,1.01 ,1.16 ,1.33 ,1.17 ,1.08 ,1.14 ,1.32 ,2.18 ,1.82 ,1.99 ,1.52 ,0.96 ,0.43 ,0.09 ,0.01 
5439104631,0.30 ,0.33 ,0.37 ,0.00 ,1.05 ,1.11 ,1.21 ,1.39 ,1.59 ,1.40 ,1.29 ,1.37 ,1.58 ,3.27 ,2.73 ,1.59 ,1.22 ,0.77 ,0.34 ,0.07 ,0.01 
5439104633,0.00 ,0.00 ,0.00 ,0.00 ,0.70 ,0.74 ,0.81 ,0.93 ,1.06 ,0.94 ,0.86 ,0.91 ,1.05 ,2.18 ,1.82 ,2.79 ,2.13 ,1.34 ,0.60 ,0.13 ,0.01 
5439105512,0.90 ,1.00 ,1.11 ,0.00 ,0.44 ,0.46 ,0.50 ,0.58 ,0.66 ,0.58 ,0.54 ,0.57 ,0.66 ,2.18 ,1.82 ,1.59 ,1.22 ,0.77 ,0.34 ,0.07 ,0.01 
5439105611,0.30 ,0.33 ,0.37 ,1.00 ,1.76 ,1.85 ,2.01 ,2.31 ,2.65 ,2.34 ,2.15 ,2.28 ,2.63 ,2.72 ,2.28 ,1.99 ,1.52 ,0.96 ,0.43 ,0.09 ,0.01 
5439105613,0.00 ,0.00 ,0.00 ,0.00 ,0.53 ,0.56 ,0.60 ,0.69 ,0.80 ,0.70 ,0.65 ,0.68 ,0.79 ,3.27 ,2.73 ,2.39 ,1.83 ,1.15 ,0.51 ,0.11 ,0.01 
5439105631,0.60 ,0.66 ,0.74 ,0.00 ,1.32 ,1.39 ,1.51 ,1.74 ,1.99 ,1.75 ,1.62 ,1.71 ,1.98 ,3.81 ,3.19 ,1.20 ,0.91 ,0.57 ,0.26 ,0.05 ,0.01 
5439105634,0.00 ,0.00 ,0.00 ,0.00 ,0.35 ,0.37 ,0.40 ,0.46 ,0.53 ,0.47 ,0.43 ,0.46 ,0.53 ,1.63 ,1.37 ,1.20 ,0.91 ,0.57 ,0.26 ,0.05 ,0.01 
5439106524,0.00 ,0.00 ,0.00 ,0.00 ,0.44 ,0.46 ,0.50 ,0.58 ,0.66 ,0.58 ,0.54 ,0.57 ,0.66 ,2.18 ,1.82 ,1.59 ,1.22 ,0.77 ,0.34 ,0.07 ,0.01 
5439106534,0.00 ,0.00 ,0.00 ,0.00 ,0.35 ,0.37 ,0.40 ,0.46 ,0.53 ,0.47 ,0.43 ,0.46 ,0.53 ,1.09 ,0.91 ,1.20 ,0.91 ,0.57 ,0.26 ,0.05 ,0.01 
5439106612,0.00 ,0.00 ,0.00 ,0.00 ,0.88 ,0.93 ,1.01 ,1.16 ,1.33 ,1.17 ,1.08 ,1.14 ,1.32 ,2.72 ,2.28 ,2.79 ,2.13 ,1.34 ,0.60 ,0.13 ,0.01 
5439106634,0.00 ,0.00 ,0.00 ,0.00 ,0.62 ,0.65 ,0.71 ,0.81 ,0.93 ,0.82 ,0.75 ,0.80 ,0.92 ,5.45 ,4.55 ,1.59 ,1.22 ,0.77 ,0.34 ,0.07 ,0.01 
5439107621,0.00 ,0.00 ,0.00 ,5.00 ,2.46 ,2.59 ,2.82 ,3.24 ,3.72 ,3.27 ,3.01 ,3.19 ,3.69 ,3.27 ,2.73 ,3.19 ,2.44 ,1.53 ,0.69 ,0.14 ,0.01 
5439107644,0.00 ,0.00 ,0.00 ,1.00 ,1.05 ,1.11 ,1.21 ,1.39 ,1.59 ,1.40 ,1.29 ,1.37 ,1.58 ,2.72 ,2.28 ,1.20 ,0.91 ,0.57 ,0.26 ,0.05 ,0.01 
5439108622,0.30 ,0.33 ,0.37 ,1.00 ,0.70 ,0.74 ,0.81 ,0.93 ,1.06 ,0.94 ,0.86 ,0.91 ,1.05 ,3.81 ,3.19 ,1.59 ,1.22 ,0.77 ,0.34 ,0.07 ,0.01 
5439108624,0.00 ,0.00 ,0.00 ,0.00 ,0.70 ,0.74 ,0.81 ,0.93 ,1.06 ,0.94 ,0.86 ,0.91 ,1.05 ,1.63 ,1.37 ,2.39 ,1.83 ,1.15 ,0.51 ,0.11 ,0.01 
5439108711,0.30 ,0.33 ,0.37 ,2.00 ,1.05 ,1.11 ,1.21 ,1.39 ,1.59 ,1.40 ,1.29 ,1.37 ,1.58 ,3.27 ,2.73 ,0.40 ,0.30 ,0.19 ,0.09 ,0.02 ,0.00 
5439108743,0.30 ,0.33 ,0.37 ,1.00 ,0.97 ,1.02 ,1.11 ,1.27 ,1.46 ,1.29 ,1.18 ,1.25 ,1.45 ,4.90 ,4.10 ,1.99 ,1.52 ,0.96 ,0.43 ,0.09 ,0.01 
5439108744,0.60 ,0.66 ,0.74 ,0.00 ,0.62 ,0.65 ,0.71 ,0.81 ,0.93 ,0.82 ,0.75 ,0.80 ,0.92 ,1.09 ,0.91 ,1.20 ,0.91 ,0.57 ,0.26 ,0.05 ,0.01 
5439109614,0.30 ,0.33 ,0.37 ,2.00 ,0.79 ,0.83 ,0.91 ,1.04 ,1.19 ,1.05 ,0.97 ,1.03 ,1.19 ,3.27 ,2.73 ,0.00 ,0.00 ,0.00 ,0.00 ,0.00 ,0.00 
5439109624,0.00 ,0.00 ,0.00 ,0.00 ,0.79 ,0.83 ,0.91 ,1.04 ,1.19 ,1.05 ,0.97 ,1.03 ,1.19 ,1.63 ,1.37 ,2.79 ,2.13 ,1.34 ,0.60 ,0.13 ,0.01 
5439109713,1.20 ,1.33 ,1.47 ,0.00 ,1.14 ,1.20 ,1.31 ,1.50 ,1.73 ,1.52 ,1.40 ,1.48 ,1.71 ,0.54 ,0.46 ,2.39 ,1.83 ,1.15 ,0.51 ,0.11 ,0.01 
5439109722,0.60 ,0.66 ,0.74 ,0.00 ,1.23 ,1.30 ,1.41 ,1.62 ,1.86 ,1.64 ,1.51 ,1.60 ,1.84 ,2.72 ,2.28 ,2.39 ,1.83 ,1.15 ,0.51 ,0.11 ,0.01 
5439109724,1.80 ,1.99 ,2.21 ,0.00 ,1.58 ,1.67 ,1.81 ,2.08 ,2.39 ,2.10 ,1.94 ,2.05 ,2.37 ,0.00 ,0.00 ,0.80 ,0.61 ,0.38 ,0.17 ,0.04 ,0.00 
5439109731,0.60 ,0.66 ,0.74 ,0.00 ,0.53 ,0.56 ,0.60 ,0.69 ,0.80 ,0.70 ,0.65 ,0.68 ,0.79 ,3.81 ,3.19 ,1.99 ,1.52 ,0.96 ,0.43 ,0.09 ,0.01 
5439109813,1.50 ,1.66 ,1.84 ,0.00 ,0.53 ,0.56 ,0.60 ,0.69 ,0.80 ,0.70 ,0.65 ,0.68 ,0.79 ,1.63 ,1.37 ,0.40 ,0.30 ,0.19 ,0.09 ,0.02 ,0.00 
5439109821,0.30 ,0.33 ,0.37 ,2.00 ,1.14 ,1.20 ,1.31 ,1.50 ,1.73 ,1.52 ,1.40 ,1.48 ,1.71 ,2.18 ,1.82 ,1.59 ,1.22 ,0.77 ,0.34 ,0.07 ,0.01 
5439109831,0.00 ,0.00 ,0.00 ,0.00 ,0.70 ,0.74 ,0.81 ,0.93 ,1.06 ,0.94 ,0.86 ,0.91 ,1.05 ,3.81 ,3.19 ,1.59 ,1.22 ,0.77 ,0.34 ,0.07 ,0.01 
5439109833,1.20 ,1.33 ,1.47 ,3.00 ,1.76 ,1.85 ,2.01 ,2.31 ,2.65 ,2.34 ,2.15 ,2.28 ,2.63 ,2.72 ,2.28 ,2.79 ,2.13 ,1.34 ,0.60 ,0.13 ,0.01 
5439109844,0.90 ,1.00 ,1.11 ,0.00 ,1.93 ,2.04 ,2.22 ,2.55 ,2.92 ,2.57 ,2.37 ,2.51 ,2.90 ,3.81 ,3.19 ,3.19 ,2.44 ,1.53 ,0.69 ,0.14 ,0.01 
5439109924,0.00 ,0.00 ,0.00 ,2.00 ,0.79 ,0.83 ,0.91 ,1.04 ,1.19 ,1.05 ,0.97 ,1.03 ,1.19 ,2.18 ,1.82 ,0.80 ,0.61 ,0.38 ,0.17 ,0.04 ,0.00 
5439109933,1.80 ,1.99 ,2.21 ,0.00 ,2.20 ,2.32 ,2.52 ,2.89 ,3.32 ,2.92 ,2.69 ,2.85 ,3.29 ,5.45 ,4.55 ,1.99 ,1.52 ,0.96 ,0.43 ,0.09 ,0.01 
5439109934,0.60 ,0.66 ,0.74 ,2.00 ,0.88 ,0.93 ,1.01 ,1.16 ,1.33 ,1.17 ,1.08 ,1.14 ,1.32 ,1.09 ,0.91 ,1.99 ,1.52 ,0.96 ,0.43 ,0.09 ,0.01 
5439109942,0.00 ,0.00 ,0.00 ,0.00 ,1.58 ,1.67 ,1.81 ,2.08 ,2.39 ,2.10 ,1.94 ,2.05 ,2.37 ,1.09 ,0.91 ,5.58 ,4.26 ,2.68 ,1.20 ,0.25 ,0.03 
5439109944,0.60 ,0.66 ,0.74 ,2.00 ,1.05 ,1.11 ,1.21 ,1.39 ,1.59 ,1.40 ,1.29 ,1.37 ,1.58 ,7.08 ,5.92 ,2.79 ,2.13 ,1.34 ,0.60 ,0.13 ,0.01 
5439119013,0.60 ,0.66 ,0.74 ,1.00 ,0.53 ,0.56 ,0.60 ,0.69 ,0.80 ,0.70 ,0.65 ,0.68 ,0.79 ,2.18 ,1.82 ,2.79 ,2.13 ,1.34 ,0.60 ,0.13 ,0.01 
5439119031,1.50 ,1.66 ,1.84 ,2.00 ,1.32 ,1.39 ,1.51 ,1.74 ,1.99 ,1.75 ,1.62 ,1.71 ,1.98 ,1.63 ,1.37 ,2.79 ,2.13 ,1.34 ,0.60 ,0.13 ,0.01 
5439119033,0.00 ,0.00 ,0.00 ,1.00 ,0.97 ,1.02 ,1.11 ,1.27 ,1.46 ,1.29 ,1.18 ,1.25 ,1.45 ,1.63 ,1.37 ,1.20 ,0.91 ,0.57 ,0.26 ,0.05 ,0.01 
5439119131,0.00 ,0.00 ,0.00 ,0.00 ,0.97 ,1.02 ,1.11 ,1.27 ,1.46 ,1.29 ,1.18 ,1.25 ,1.45 ,1.63 ,1.37 ,2.39 ,1.83 ,1.15 ,0.51 ,0.11 ,0.01 
5439119133,0.90 ,1.00 ,1.11 ,2.00 ,1.41 ,1.48 ,1.61 ,1.85 ,2.12 ,1.87 ,1.72 ,1.82 ,2.11 ,1.63 ,1.37 ,2.39 ,1.83 ,1.15 ,0.51 ,0.11 ,0.01 
5439200812,0.00 ,0.00 ,0.00 ,2.00 ,1.05 ,1.11 ,1.21 ,1.39 ,1.59 ,1.40 ,1.29 ,1.37 ,1.58 ,2.18 ,1.82 ,1.59 ,1.22 ,0.77 ,0.34 ,0.07 ,0.01 
5439200821,1.50 ,1.66 ,1.84 ,4.00 ,2.55 ,2.69 ,2.92 ,3.36 ,3.85 ,3.39 ,3.12 ,3.31 ,3.82 ,3.81 ,3.19 ,5.58 ,4.26 ,2.68 ,1.20 ,0.25 ,0.03 
5439200822,0.00 ,0.00 ,0.00 ,1.00 ,0.79 ,0.83 ,0.91 ,1.04 ,1.19 ,1.05 ,0.97 ,1.03 ,1.19 ,3.27 ,2.73 ,0.80 ,0.61 ,0.38 ,0.17 ,0.04 ,0.00 
5439200824,1.80 ,1.99 ,2.21 ,0.00 ,1.41 ,1.48 ,1.61 ,1.85 ,2.12 ,1.87 ,1.72 ,1.82 ,2.11 ,4.36 ,3.64 ,1.59 ,1.22 ,0.77 ,0.34 ,0.07 ,0.01 
5439200842,0.90 ,1.00 ,1.11 ,0.00 ,1.76 ,1.85 ,2.01 ,2.31 ,2.65 ,2.34 ,2.15 ,2.28 ,2.63 ,1.09 ,0.91 ,2.39 ,1.83 ,1.15 ,0.51 ,0.11 ,0.01 
5439200911,0.90 ,1.00 ,1.11 ,8.00 ,2.20 ,2.32 ,2.52 ,2.89 ,3.32 ,2.92 ,2.69 ,2.85 ,3.29 ,1.63 ,1.37 ,1.20 ,0.91 ,0.57 ,0.26 ,0.05 ,0.01 
5439200913,0.00 ,0.00 ,0.00 ,0.00 ,1.23 ,1.30 ,1.41 ,1.62 ,1.86 ,1.64 ,1.51 ,1.60 ,1.84 ,2.18 ,1.82 ,2.39 ,1.83 ,1.15 ,0.51 ,0.11 ,0.01 
5439200922,0.30 ,0.33 ,0.37 ,2.00 ,0.70 ,0.74 ,0.81 ,0.93 ,1.06 ,0.94 ,0.86 ,0.91 ,1.05 ,0.54 ,0.46 ,1.20 ,0.91 ,0.57 ,0.26 ,0.05 ,0.01 
5439200924,0.60 ,0.66 ,0.74 ,2.00 ,2.29 ,2.41 ,2.62 ,3.01 ,3.45 ,3.04 ,2.80 ,2.96 ,3.43 ,2.18 ,1.82 ,1.20 ,0.91 ,0.57 ,0.26 ,0.05 ,0.01 
5439200931,0.90 ,1.00 ,1.11 ,2.00 ,1.41 ,1.48 ,1.61 ,1.85 ,2.12 ,1.87 ,1.72 ,1.82 ,2.11 ,0.00 ,0.00 ,0.80 ,0.61 ,0.38 ,0.17 ,0.04 ,0.00 
5439200932,1.20 ,1.33 ,1.47 ,1.00 ,2.02 ,2.13 ,2.32 ,2.66 ,3.05 ,2.69 ,2.48 ,2.62 ,3.03 ,4.90 ,4.10 ,2.39 ,1.83 ,1.15 ,0.51 ,0.11 ,0.01 
5439200933,4.79 ,5.32 ,5.89 ,6.00 ,6.42 ,6.76 ,7.35 ,8.45 ,9.69 ,8.53 ,7.86 ,8.32 ,9.62 ,4.90 ,4.10 ,3.19 ,2.44 ,1.53 ,0.69 ,0.14 ,0.01 
5439200934,0.00 ,0.00 ,0.00 ,0.00 ,0.62 ,0.65 ,0.71 ,0.81 ,0.93 ,0.82 ,0.75 ,0.80 ,0.92 ,2.18 ,1.82 ,0.80 ,0.61 ,0.38 ,0.17 ,0.04 ,0.00 
5439200941,0.30 ,0.33 ,0.37 ,2.00 ,1.93 ,2.04 ,2.22 ,2.55 ,2.92 ,2.57 ,2.37 ,2.51 ,2.90 ,3.27 ,2.73 ,1.59 ,1.22 ,0.77 ,0.34 ,0.07 ,0.01 
5439200942,0.90 ,1.00 ,1.11 ,6.00 ,1.41 ,1.48 ,1.61 ,1.85 ,2.12 ,1.87 ,1.72 ,1.82 ,2.11 ,2.18 ,1.82 ,0.80 ,0.61 ,0.38 ,0.17 ,0.04 ,0.00 
5439200943,0.90 ,1.00 ,1.11 ,2.00 ,0.97 ,1.02 ,1.11 ,1.27 ,1.46 ,1.29 ,1.18 ,1.25 ,1.45 ,1.09 ,0.91 ,1.20 ,0.91 ,0.57 ,0.26 ,0.05 ,0.01 
5439200944,1.80 ,1.99 ,2.21 ,0.00 ,1.76 ,1.85 ,2.01 ,2.31 ,2.65 ,2.34 ,2.15 ,2.28 ,2.63 ,1.63 ,1.37 ,0.80 ,0.61 ,0.38 ,0.17 ,0.04 ,0.00 
5439201624,0.90 ,1.00 ,1.11 ,0.00 ,0.70 ,0.74 ,0.81 ,0.93 ,1.06 ,0.94 ,0.86 ,0.91 ,1.05 ,1.09 ,0.91 ,1.20 ,0.91 ,0.57 ,0.26 ,0.05 ,0.01 
5439201641,0.60 ,0.66 ,0.74 ,1.00 ,2.02 ,2.13 ,2.32 ,2.66 ,3.05 ,2.69 ,2.48 ,2.62 ,3.03 ,3.27 ,2.73 ,3.98 ,3.04 ,1.91 ,0.86 ,0.18 ,0.02 
5439201734,0.00 ,0.00 ,0.00 ,0.00 ,0.53 ,0.56 ,0.60 ,0.69 ,0.80 ,0.70 ,0.65 ,0.68 ,0.79 ,1.09 ,0.91 ,1.99 ,1.52 ,0.96 ,0.43 ,0.09 ,0.01 
5439201742,2.99 ,3.32 ,3.68 ,2.00 ,3.60 ,3.80 ,4.13 ,4.75 ,5.44 ,4.79 ,4.41 ,4.67 ,5.40 ,3.81 ,3.19 ,2.39 ,1.83 ,1.15 ,0.51 ,0.11 ,0.01 
5439201744,1.50 ,1.66 ,1.84 ,1.00 ,1.32 ,1.39 ,1.51 ,1.74 ,1.99 ,1.75 ,1.62 ,1.71 ,1.98 ,2.72 ,2.28 ,1.59 ,1.22 ,0.77 ,0.34 ,0.07 ,0.01 
5439201824,1.20 ,1.33 ,1.47 ,2.00 ,1.93 ,2.04 ,2.22 ,2.55 ,2.92 ,2.57 ,2.37 ,2.51 ,2.90 ,1.63 ,1.37 ,0.80 ,0.61 ,0.38 ,0.17 ,0.04 ,0.00 
5439201832,0.60 ,0.66 ,0.74 ,2.00 ,0.79 ,0.83 ,0.91 ,1.04 ,1.19 ,1.05 ,0.97 ,1.03 ,1.19 ,0.54 ,0.46 ,0.80 ,0.61 ,0.38 ,0.17 ,0.04 ,0.00 
5439201834,0.60 ,0.66 ,0.74 ,4.00 ,2.20 ,2.32 ,2.52 ,2.89 ,3.32 ,2.92 ,2.69 ,2.85 ,3.29 ,3.27 ,2.73 ,1.59 ,1.22 ,0.77 ,0.34 ,0.07 ,0.01 
5439201842,0.00 ,0.00 ,0.00 ,2.00 ,1.49 ,1.57 ,1.71 ,1.97 ,2.26 ,1.99 ,1.83 ,1.94 ,2.24 ,2.18 ,1.82 ,0.40 ,0.30 ,0.19 ,0.09 ,0.02 ,0.00 
5439201844,1.20 ,1.33 ,1.47 ,3.00 ,1.49 ,1.57 ,1.71 ,1.97 ,2.26 ,1.99 ,1.83 ,1.94 ,2.24 ,4.90 ,4.10 ,0.80 ,0.61 ,0.38 ,0.17 ,0.04 ,0.00 
5439201912,4.49 ,4.98 ,5.53 ,5.00 ,4.66 ,4.91 ,5.34 ,6.13 ,7.03 ,6.20 ,5.71 ,6.04 ,6.98 ,4.36 ,3.64 ,3.98 ,3.04 ,1.91 ,0.86 ,0.18 ,0.02 
5439201913,1.50 ,1.66 ,1.84 ,6.00 ,2.29 ,2.41 ,2.62 ,3.01 ,3.45 ,3.04 ,2.80 ,2.96 ,3.43 ,5.45 ,4.55 ,1.99 ,1.52 ,0.96 ,0.43 ,0.09 ,0.01 
5439201914,0.90 ,1.00 ,1.11 ,0.00 ,1.05 ,1.11 ,1.21 ,1.39 ,1.59 ,1.40 ,1.29 ,1.37 ,1.58 ,2.18 ,1.82 ,0.40 ,0.30 ,0.19 ,0.09 ,0.02 ,0.00 
5439201923,3.89 ,4.32 ,4.79 ,8.00 ,4.83 ,5.09 ,5.54 ,6.37 ,7.30 ,6.43 ,5.92 ,6.27 ,7.25 ,4.36 ,3.64 ,5.18 ,3.96 ,2.49 ,1.11 ,0.23 ,0.02 
5439201924,0.00 ,0.00 ,0.00 ,2.00 ,1.76 ,1.85 ,2.01 ,2.31 ,2.65 ,2.34 ,2.15 ,2.28 ,2.63 ,3.27 ,2.73 ,0.40 ,0.30 ,0.19 ,0.09 ,0.02 ,0.00 
5439201933,0.00 ,0.00 ,0.00 ,3.00 ,1.85 ,1.94 ,2.12 ,2.43 ,2.79 ,2.45 ,2.26 ,2.39 ,2.77 ,2.72 ,2.28 ,1.20 ,0.91 ,0.57 ,0.26 ,0.05 ,0.01 
5439201934,1.80 ,1.99 ,2.21 ,3.00 ,2.11 ,2.22 ,2.42 ,2.78 ,3.19 ,2.81 ,2.58 ,2.74 ,3.16 ,2.18 ,1.82 ,0.40 ,0.30 ,0.19 ,0.09 ,0.02 ,0.00 
5439201941,0.00 ,0.00 ,0.00 ,0.00 ,0.70 ,0.74 ,0.81 ,0.93 ,1.06 ,0.94 ,0.86 ,0.91 ,1.05 ,0.54 ,0.46 ,0.00 ,0.00 ,0.00 ,0.00 ,0.00 ,0.00 
5439201942,1.80 ,1.99 ,2.21 ,2.00 ,2.02 ,2.13 ,2.32 ,2.66 ,3.05 ,2.69 ,2.48 ,2.62 ,3.03 ,5.99 ,5.01 ,2.39 ,1.83 ,1.15 ,0.51 ,0.11 ,0.01 
5439201944,0.30 ,0.33 ,0.37 ,1.00 ,1.67 ,1.76 ,1.91 ,2.20 ,2.52 ,2.22 ,2.05 ,2.17 ,2.50 ,4.90 ,4.10 ,1.99 ,1.52 ,0.96 ,0.43 ,0.09 ,0.01 
5439202622,0.90 ,1.00 ,1.11 ,1.00 ,1.32 ,1.39 ,1.51 ,1.74 ,1.99 ,1.75 ,1.62 ,1.71 ,1.98 ,2.18 ,1.82 ,2.79 ,2.13 ,1.34 ,0.60 ,0.13 ,0.01 
5439202623,0.30 ,0.33 ,0.37 ,4.00 ,0.97 ,1.02 ,1.11 ,1.27 ,1.46 ,1.29 ,1.18 ,1.25 ,1.45 ,1.63 ,1.37 ,0.40 ,0.30 ,0.19 ,0.09 ,0.02 ,0.00 
5439202642,0.60 ,0.66 ,0.74 ,1.00 ,0.79 ,0.83 ,0.91 ,1.04 ,1.19 ,1.05 ,0.97 ,1.03 ,1.19 ,2.18 ,1.82 ,1.59 ,1.22 ,0.77 ,0.34 ,0.07 ,0.01 
5439202643,0.30 ,0.33 ,0.37 ,2.00 ,0.62 ,0.65 ,0.71 ,0.81 ,0.93 ,0.82 ,0.75 ,0.80 ,0.92 ,0.54 ,0.46 ,0.40 ,0.30 ,0.19 ,0.09 ,0.02 ,0.00 
5439202711,1.20 ,1.33 ,1.47 ,0.00 ,1.05 ,1.11 ,1.21 ,1.39 ,1.59 ,1.40 ,1.29 ,1.37 ,1.58 ,5.45 ,4.55 ,1.20 ,0.91 ,0.57 ,0.26 ,0.05 ,0.01 
5439202712,1.80 ,1.99 ,2.21 ,6.00 ,2.02 ,2.13 ,2.32 ,2.66 ,3.05 ,2.69 ,2.48 ,2.62 ,3.03 ,3.27 ,2.73 ,1.99 ,1.52 ,0.96 ,0.43 ,0.09 ,0.01 
5439202713,2.10 ,2.33 ,2.58 ,1.00 ,2.81 ,2.96 ,3.22 ,3.70 ,4.25 ,3.74 ,3.45 ,3.65 ,4.22 ,1.09 ,0.91 ,1.99 ,1.52 ,0.96 ,0.43 ,0.09 ,0.01 
5439202714,3.89 ,4.32 ,4.79 ,4.00 ,4.22 ,4.45 ,4.83 ,5.56 ,6.37 ,5.61 ,5.17 ,5.47 ,6.32 ,4.90 ,4.10 ,3.19 ,2.44 ,1.53 ,0.69 ,0.14 ,0.01 
5439202722,0.00 ,0.00 ,0.00 ,0.00 ,2.64 ,2.78 ,3.02 ,3.47 ,3.98 ,3.51 ,3.23 ,3.42 ,3.95 ,1.09 ,0.91 ,0.00 ,0.00 ,0.00 ,0.00 ,0.00 ,0.00 
5439202723,0.30 ,0.33 ,0.37 ,0.00 ,1.32 ,1.39 ,1.51 ,1.74 ,1.99 ,1.75 ,1.62 ,1.71 ,1.98 ,4.36 ,3.64 ,1.20 ,0.91 ,0.57 ,0.26 ,0.05 ,0.01 
5439202724,0.00 ,0.00 ,0.00 ,0.00 ,1.67 ,1.76 ,1.91 ,2.20 ,2.52 ,2.22 ,2.05 ,2.17 ,2.50 ,2.72 ,2.28 ,0.80 ,0.61 ,0.38 ,0.17 ,0.04 ,0.00 
5439202731,0.30 ,0.33 ,0.37 ,3.00 ,2.02 ,2.13 ,2.32 ,2.66 ,3.05 ,2.69 ,2.48 ,2.62 ,3.03 ,8.72 ,7.28 ,1.59 ,1.22 ,0.77 ,0.34 ,0.07 ,0.01 
5439202734,0.00 ,0.00 ,0.00 ,1.00 ,1.05 ,1.11 ,1.21 ,1.39 ,1.59 ,1.40 ,1.29 ,1.37 ,1.58 ,0.00 ,0.00 ,0.80 ,0.61 ,0.38 ,0.17 ,0.04 ,0.00 
5439202742,2.69 ,2.99 ,3.32 ,0.00 ,3.43 ,3.61 ,3.93 ,4.51 ,5.18 ,4.56 ,4.20 ,4.45 ,5.14 ,8.17 ,6.83 ,22.31 ,17.05 ,10.72 ,4.80 ,1.01 ,0.10 
5439202743,2.99 ,3.32 ,3.68 ,5.00 ,2.81 ,2.96 ,3.22 ,3.70 ,4.25 ,3.74 ,3.45 ,3.65 ,4.22 ,4.90 ,4.10 ,2.39 ,1.83 ,1.15 ,0.51 ,0.11 ,0.01 
5439202744,0.00 ,0.00 ,0.00 ,0.00 ,0.62 ,0.65 ,0.71 ,0.81 ,0.93 ,0.82 ,0.75 ,0.80 ,0.92 ,0.00 ,0.00 ,0.80 ,0.61 ,0.38 ,0.17 ,0.04 ,0.00 
5439202811,1.50 ,1.66 ,1.84 ,1.00 ,1.14 ,1.20 ,1.31 ,1.50 ,1.73 ,1.52 ,1.40 ,1.48 ,1.71 ,1.63 ,1.37 ,1.20 ,0.91 ,0.57 ,0.26 ,0.05 ,0.01 
5439202813,0.30 ,0.33 ,0.37 ,1.00 ,1.32 ,1.39 ,1.51 ,1.74 ,1.99 ,1.75 ,1.62 ,1.71 ,1.98 ,4.36 ,3.64 ,2.79 ,2.13 ,1.34 ,0.60 ,0.13 ,0.01 
5439202821,1.50 ,1.66 ,1.84 ,0.00 ,2.11 ,2.22 ,2.42 ,2.78 ,3.19 ,2.81 ,2.58 ,2.74 ,3.16 ,2.72 ,2.28 ,2.39 ,1.83 ,1.15 ,0.51 ,0.11 ,0.01 
5439202822,0.30 ,0.33 ,0.37 ,1.00 ,0.70 ,0.74 ,0.81 ,0.93 ,1.06 ,0.94 ,0.86 ,0.91 ,1.05 ,2.72 ,2.28 ,0.40 ,0.30 ,0.19 ,0.09 ,0.02 ,0.00 
5439202823,0.30 ,0.33 ,0.37 ,0.00 ,0.53 ,0.56 ,0.60 ,0.69 ,0.80 ,0.70 ,0.65 ,0.68 ,0.79 ,1.09 ,0.91 ,0.40 ,0.30 ,0.19 ,0.09 ,0.02 ,0.00 
5439202824,0.30 ,0.33 ,0.37 ,0.00 ,0.79 ,0.83 ,0.91 ,1.04 ,1.19 ,1.05 ,0.97 ,1.03 ,1.19 ,2.18 ,1.82 ,0.40 ,0.30 ,0.19 ,0.09 ,0.02 ,0.00 
5439202831,0.60 ,0.66 ,0.74 ,0.00 ,0.79 ,0.83 ,0.91 ,1.04 ,1.19 ,1.05 ,0.97 ,1.03 ,1.19 ,3.27 ,2.73 ,0.80 ,0.61 ,0.38 ,0.17 ,0.04 ,0.00 
5439202832,1.50 ,1.66 ,1.84 ,1.00 ,1.49 ,1.57 ,1.71 ,1.97 ,2.26 ,1.99 ,1.83 ,1.94 ,2.24 ,2.72 ,2.28 ,2.39 ,1.83 ,1.15 ,0.51 ,0.11 ,0.01 
5439202833,0.60 ,0.66 ,0.74 ,1.00 ,0.70 ,0.74 ,0.81 ,0.93 ,1.06 ,0.94 ,0.86 ,0.91 ,1.05 ,3.27 ,2.73 ,7.97 ,6.09 ,3.83 ,1.71 ,0.36 ,0.04 
5439202834,2.40 ,2.66 ,2.95 ,1.00 ,2.99 ,3.15 ,3.42 ,3.94 ,4.51 ,3.97 ,3.66 ,3.88 ,4.48 ,4.36 ,3.64 ,4.38 ,3.35 ,2.11 ,0.94 ,0.20 ,0.02 
5439202841,0.90 ,1.00 ,1.11 ,0.00 ,1.32 ,1.39 ,1.51 ,1.74 ,1.99 ,1.75 ,1.62 ,1.71 ,1.98 ,0.54 ,0.46 ,0.40 ,0.30 ,0.19 ,0.09 ,0.02 ,0.00 
5439202842,1.20 ,1.33 ,1.47 ,1.00 ,2.37 ,2.50 ,2.72 ,3.13 ,3.58 ,3.16 ,2.91 ,3.08 ,3.56 ,0.54 ,0.46 ,1.59 ,1.22 ,0.77 ,0.34 ,0.07 ,0.01 
5439202843,0.60 ,0.66 ,0.74 ,4.00 ,2.02 ,2.13 ,2.32 ,2.66 ,3.05 ,2.69 ,2.48 ,2.62 ,3.03 ,2.72 ,2.28 ,1.20 ,0.91 ,0.57 ,0.26 ,0.05 ,0.01 
5439202844,1.20 ,1.33 ,1.47 ,0.00 ,1.76 ,1.85 ,2.01 ,2.31 ,2.65 ,2.34 ,2.15 ,2.28 ,2.63 ,2.18 ,1.82 ,0.40 ,0.30 ,0.19 ,0.09 ,0.02 ,0.00 
5439202911,1.50 ,1.66 ,1.84 ,2.00 ,2.37 ,2.50 ,2.72 ,3.13 ,3.58 ,3.16 ,2.91 ,3.08 ,3.56 ,4.90 ,4.10 ,2.39 ,1.83 ,1.15 ,0.51 ,0.11 ,0.01 
5439202912,2.40 ,2.66 ,2.95 ,0.00 ,2.46 ,2.59 ,2.82 ,3.24 ,3.72 ,3.27 ,3.01 ,3.19 ,3.69 ,5.99 ,5.01 ,3.59 ,2.74 ,1.72 ,0.77 ,0.16 ,0.02 
5439202913,1.80 ,1.99 ,2.21 ,1.00 ,2.11 ,2.22 ,2.42 ,2.78 ,3.19 ,2.81 ,2.58 ,2.74 ,3.16 ,0.54 ,0.46 ,1.20 ,0.91 ,0.57 ,0.26 ,0.05 ,0.01 
5439202921,1.50 ,1.66 ,1.84 ,1.00 ,3.08 ,3.24 ,3.53 ,4.05 ,4.65 ,4.09 ,3.77 ,3.99 ,4.61 ,3.27 ,2.73 ,1.99 ,1.52 ,0.96 ,0.43 ,0.09 ,0.01 
5439202922,2.69 ,2.99 ,3.32 ,4.00 ,2.46 ,2.59 ,2.82 ,3.24 ,3.72 ,3.27 ,3.01 ,3.19 ,3.69 ,2.18 ,1.82 ,1.99 ,1.52 ,0.96 ,0.43 ,0.09 ,0.01 
5439202923,6.59 ,7.31 ,8.10 ,11.00 ,10.64 ,11.21 ,12.19 ,14.01 ,16.06 ,14.14 ,13.03 ,13.79 ,15.94 ,17.98 ,15.02 ,6.77 ,5.18 ,3.25 ,1.46 ,0.31 ,0.03 
5439202924,2.40 ,2.66 ,2.95 ,7.00 ,3.96 ,4.17 ,4.53 ,5.21 ,5.97 ,5.26 ,4.85 ,5.13 ,5.93 ,3.81 ,3.19 ,0.80 ,0.61 ,0.38 ,0.17 ,0.04 ,0.00 
5439202931,0.90 ,1.00 ,1.11 ,34.00 ,2.02 ,2.13 ,2.32 ,2.66 ,3.05 ,2.69 ,2.48 ,2.62 ,3.03 ,2.72 ,2.28 ,1.59 ,1.22 ,0.77 ,0.34 ,0.07 ,0.01 
5439202933,1.80 ,1.99 ,2.21 ,2.00 ,2.46 ,2.59 ,2.82 ,3.24 ,3.72 ,3.27 ,3.01 ,3.19 ,3.69 ,1.63 ,1.37 ,0.40 ,0.30 ,0.19 ,0.09 ,0.02 ,0.00 
5439202934,4.49 ,4.98 ,5.53 ,7.00 ,3.96 ,4.17 ,4.53 ,5.21 ,5.97 ,5.26 ,4.85 ,5.13 ,5.93 ,2.72 ,2.28 ,1.59 ,1.22 ,0.77 ,0.34 ,0.07 ,0.01 
5439202942,7.19 ,7.97 ,8.84 ,11.00 ,10.90 ,11.48 ,12.49 ,14.35 ,16.46 ,14.49 ,13.35 ,14.14 ,16.34 ,7.63 ,6.37 ,10.76 ,8.22 ,5.17 ,2.31 ,0.49 ,0.05 
5439202943,1.80 ,1.99 ,2.21 ,1.00 ,2.37 ,2.50 ,2.72 ,3.13 ,3.58 ,3.16 ,2.91 ,3.08 ,3.56 ,3.81 ,3.19 ,1.59 ,1.22 ,0.77 ,0.34 ,0.07 ,0.01 
5439202944,9.58 ,10.63 ,11.79 ,5.00 ,8.09 ,8.52 ,9.27 ,10.65 ,12.21 ,10.75 ,9.91 ,10.49 ,12.12 ,10.89 ,9.11 ,5.58 ,4.26 ,2.68 ,1.20 ,0.25 ,0.03 
5439203721,1.20 ,1.33 ,1.47 ,0.00 ,2.11 ,2.22 ,2.42 ,2.78 ,3.19 ,2.81 ,2.58 ,2.74 ,3.16 ,7.63 ,6.37 ,1.99 ,1.52 ,0.96 ,0.43 ,0.09 ,0.01 
5439203722,2.69 ,2.99 ,3.32 ,3.00 ,3.25 ,3.43 ,3.73 ,4.28 ,4.91 ,4.33 ,3.98 ,4.22 ,4.87 ,5.99 ,5.01 ,7.97 ,6.09 ,3.83 ,1.71 ,0.36 ,0.04 
5439203812,0.00 ,0.00 ,0.00 ,2.00 ,2.20 ,2.32 ,2.52 ,2.89 ,3.32 ,2.92 ,2.69 ,2.85 ,3.29 ,0.54 ,0.46 ,1.99 ,1.52 ,0.96 ,0.43 ,0.09 ,0.01 
5439203813,0.90 ,1.00 ,1.11 ,1.00 ,1.32 ,1.39 ,1.51 ,1.74 ,1.99 ,1.75 ,1.62 ,1.71 ,1.98 ,3.27 ,2.73 ,0.40 ,0.30 ,0.19 ,0.09 ,0.02 ,0.00 
5439203814,1.50 ,1.66 ,1.84 ,5.00 ,1.58 ,1.67 ,1.81 ,2.08 ,2.39 ,2.10 ,1.94 ,2.05 ,2.37 ,0.54 ,0.46 ,0.00 ,0.00 ,0.00 ,0.00 ,0.00 ,0.00 
5439203821,2.40 ,2.66 ,2.95 ,3.00 ,3.43 ,3.61 ,3.93 ,4.51 ,5.18 ,4.56 ,4.20 ,4.45 ,5.14 ,5.99 ,5.01 ,4.78 ,3.65 ,2.30 ,1.03 ,0.22 ,0.02 
5439203823,2.10 ,2.33 ,2.58 ,3.00 ,1.93 ,2.04 ,2.22 ,2.55 ,2.92 ,2.57 ,2.37 ,2.51 ,2.90 ,5.45 ,4.55 ,0.80 ,0.61 ,0.38 ,0.17 ,0.04 ,0.00 
5439203824,0.60 ,0.66 ,0.74 ,0.00 ,0.79 ,0.83 ,0.91 ,1.04 ,1.19 ,1.05 ,0.97 ,1.03 ,1.19 ,0.54 ,0.46 ,0.80 ,0.61 ,0.38 ,0.17 ,0.04 ,0.00 
5439203841,0.60 ,0.66 ,0.74 ,2.00 ,2.37 ,2.50 ,2.72 ,3.13 ,3.58 ,3.16 ,2.91 ,3.08 ,3.56 ,2.72 ,2.28 ,2.39 ,1.83 ,1.15 ,0.51 ,0.11 ,0.01 
5439203842,0.90 ,1.00 ,1.11 ,1.00 ,0.53 ,0.56 ,0.60 ,0.69 ,0.80 ,0.70 ,0.65 ,0.68 ,0.79 ,1.09 ,0.91 ,0.40 ,0.30 ,0.19 ,0.09 ,0.02 ,0.00 
5439203844,0.60 ,0.66 ,0.74 ,1.00 ,1.14 ,1.20 ,1.31 ,1.50 ,1.73 ,1.52 ,1.40 ,1.48 ,1.71 ,0.54 ,0.46 ,1.20 ,0.91 ,0.57 ,0.26 ,0.05 ,0.01 
5439203912,1.80 ,1.99 ,2.21 ,5.00 ,2.20 ,2.32 ,2.52 ,2.89 ,3.32 ,2.92 ,2.69 ,2.85 ,3.29 ,1.63 ,1.37 ,0.80 ,0.61 ,0.38 ,0.17 ,0.04 ,0.00 
5439203913,2.40 ,2.66 ,2.95 ,2.00 ,1.23 ,1.30 ,1.41 ,1.62 ,1.86 ,1.64 ,1.51 ,1.60 ,1.84 ,2.18 ,1.82 ,1.20 ,0.91 ,0.57 ,0.26 ,0.05 ,0.01 
5439203914,0.60 ,0.66 ,0.74 ,1.00 ,0.79 ,0.83 ,0.91 ,1.04 ,1.19 ,1.05 ,0.97 ,1.03 ,1.19 ,0.54 ,0.46 ,0.00 ,0.00 ,0.00 ,0.00 ,0.00 ,0.00 
5439203922,11.38 ,12.63 ,14.00 ,13.00 ,11.78 ,12.41 ,13.50 ,15.51 ,17.78 ,15.66 ,14.43 ,15.28 ,17.65 ,18.52 ,15.48 ,11.16 ,8.53 ,5.36 ,2.40 ,0.51 ,0.05 
5439203931,15.27 ,16.94 ,18.79 ,15.00 ,13.98 ,14.72 ,16.01 ,18.40 ,21.10 ,18.59 ,17.12 ,18.13 ,20.95 ,13.62 ,11.38 ,3.98 ,3.04 ,1.91 ,0.86 ,0.18 ,0.02 
5439203932,0.00 ,0.00 ,0.00 ,1.00 ,1.05 ,1.11 ,1.21 ,1.39 ,1.59 ,1.40 ,1.29 ,1.37 ,1.58 ,1.63 ,1.37 ,0.00 ,0.00 ,0.00 ,0.00 ,0.00 ,0.00 
5439203942,0.30 ,0.33 ,0.37 ,1.00 ,1.41 ,1.48 ,1.61 ,1.85 ,2.12 ,1.87 ,1.72 ,1.82 ,2.11 ,0.00 ,0.00 ,0.80 ,0.61 ,0.38 ,0.17 ,0.04 ,0.00 
5439203944,0.60 ,0.66 ,0.74 ,11.00 ,4.04 ,4.26 ,4.63 ,5.32 ,6.11 ,5.38 ,4.95 ,5.24 ,6.06 ,7.08 ,5.92 ,2.39 ,1.83 ,1.15 ,0.51 ,0.11 ,0.01 
5439204824,0.90 ,1.00 ,1.11 ,2.00 ,1.67 ,1.76 ,1.91 ,2.20 ,2.52 ,2.22 ,2.05 ,2.17 ,2.50 ,1.09 ,0.91 ,1.99 ,1.52 ,0.96 ,0.43 ,0.09 ,0.01 
5439204843,1.50 ,1.66 ,1.84 ,3.00 ,0.97 ,1.02 ,1.11 ,1.27 ,1.46 ,1.29 ,1.18 ,1.25 ,1.45 ,1.63 ,1.37 ,0.00 ,0.00 ,0.00 ,0.00 ,0.00 ,0.00 
5439204913,3.89 ,4.32 ,4.79 ,7.00 ,3.34 ,3.52 ,3.83 ,4.40 ,5.04 ,4.44 ,4.09 ,4.33 ,5.01 ,4.36 ,3.64 ,3.19 ,2.44 ,1.53 ,0.69 ,0.14 ,0.01 
5439204914,3.89 ,4.32 ,4.79 ,3.00 ,3.69 ,3.89 ,4.23 ,4.86 ,5.57 ,4.91 ,4.52 ,4.79 ,5.53 ,10.89 ,9.11 ,4.38 ,3.35 ,2.11 ,0.94 ,0.20 ,0.02 
5439204931,0.60 ,0.66 ,0.74 ,0.00 ,0.70 ,0.74 ,0.81 ,0.93 ,1.06 ,0.94 ,0.86 ,0.91 ,1.05 ,1.09 ,0.91 ,1.20 ,0.91 ,0.57 ,0.26 ,0.05 ,0.01 
5439204932,2.40 ,2.66 ,2.95 ,4.00 ,2.11 ,2.22 ,2.42 ,2.78 ,3.19 ,2.81 ,2.58 ,2.74 ,3.16 ,5.45 ,4.55 ,1.59 ,1.22 ,0.77 ,0.34 ,0.07 ,0.01 
5439204941,2.10 ,2.33 ,2.58 ,3.00 ,3.16 ,3.33 ,3.63 ,4.17 ,4.78 ,4.21 ,3.88 ,4.10 ,4.74 ,3.81 ,3.19 ,0.40 ,0.30 ,0.19 ,0.09 ,0.02 ,0.00 
5439210011,1.80 ,1.99 ,2.21 ,0.00 ,0.97 ,1.02 ,1.11 ,1.27 ,1.46 ,1.29 ,1.18 ,1.25 ,1.45 ,2.18 ,1.82 ,0.40 ,0.30 ,0.19 ,0.09 ,0.02 ,0.00 
5439210024,0.30 ,0.33 ,0.37 ,0.00 ,1.05 ,1.11 ,1.21 ,1.39 ,1.59 ,1.40 ,1.29 ,1.37 ,1.58 ,0.54 ,0.46 ,0.80 ,0.61 ,0.38 ,0.17 ,0.04 ,0.00 
5439210031,0.90 ,1.00 ,1.11 ,0.00 ,0.44 ,0.46 ,0.50 ,0.58 ,0.66 ,0.58 ,0.54 ,0.57 ,0.66 ,2.18 ,1.82 ,0.40 ,0.30 ,0.19 ,0.09 ,0.02 ,0.00 
5439210033,1.50 ,1.66 ,1.84 ,4.00 ,2.29 ,2.41 ,2.62 ,3.01 ,3.45 ,3.04 ,2.80 ,2.96 ,3.43 ,6.54 ,5.46 ,2.79 ,2.13 ,1.34 ,0.60 ,0.13 ,0.01 
5439210034,1.80 ,1.99 ,2.21 ,1.00 ,2.81 ,2.96 ,3.22 ,3.70 ,4.25 ,3.74 ,3.45 ,3.65 ,4.22 ,1.09 ,0.91 ,3.98 ,3.04 ,1.91 ,0.86 ,0.18 ,0.02 
5439210042,1.80 ,1.99 ,2.21 ,1.00 ,0.97 ,1.02 ,1.11 ,1.27 ,1.46 ,1.29 ,1.18 ,1.25 ,1.45 ,1.09 ,0.91 ,1.20 ,0.91 ,0.57 ,0.26 ,0.05 ,0.01 
5439210112,0.60 ,0.66 ,0.74 ,1.00 ,1.49 ,1.57 ,1.71 ,1.97 ,2.26 ,1.99 ,1.83 ,1.94 ,2.24 ,2.72 ,2.28 ,1.99 ,1.52 ,0.96 ,0.43 ,0.09 ,0.01 
5439210113,0.00 ,0.00 ,0.00 ,1.00 ,0.88 ,0.93 ,1.01 ,1.16 ,1.33 ,1.17 ,1.08 ,1.14 ,1.32 ,1.63 ,1.37 ,1.20 ,0.91 ,0.57 ,0.26 ,0.05 ,0.01 
5439210114,1.20 ,1.33 ,1.47 ,5.00 ,3.34 ,3.52 ,3.83 ,4.40 ,5.04 ,4.44 ,4.09 ,4.33 ,5.01 ,4.90 ,4.10 ,4.78 ,3.65 ,2.30 ,1.03 ,0.22 ,0.02 
5439210131,0.00 ,0.00 ,0.00 ,0.00 ,0.35 ,0.37 ,0.40 ,0.46 ,0.53 ,0.47 ,0.43 ,0.46 ,0.53 ,1.09 ,0.91 ,1.99 ,1.52 ,0.96 ,0.43 ,0.09 ,0.01 
5439210132,1.20 ,1.33 ,1.47 ,1.00 ,2.20 ,2.32 ,2.52 ,2.89 ,3.32 ,2.92 ,2.69 ,2.85 ,3.29 ,2.72 ,2.28 ,1.99 ,1.52 ,0.96 ,0.43 ,0.09 ,0.01 
5439210133,0.00 ,0.00 ,0.00 ,1.00 ,1.05 ,1.11 ,1.21 ,1.39 ,1.59 ,1.40 ,1.29 ,1.37 ,1.58 ,0.54 ,0.46 ,3.59 ,2.74 ,1.72 ,0.77 ,0.16 ,0.02 
5439210134,2.99 ,3.32 ,3.68 ,3.00 ,2.37 ,2.50 ,2.72 ,3.13 ,3.58 ,3.16 ,2.91 ,3.08 ,3.56 ,0.54 ,0.46 ,2.39 ,1.83 ,1.15 ,0.51 ,0.11 ,0.01 
5439210213,0.30 ,0.33 ,0.37 ,1.00 ,0.44 ,0.46 ,0.50 ,0.58 ,0.66 ,0.58 ,0.54 ,0.57 ,0.66 ,1.63 ,1.37 ,0.00 ,0.00 ,0.00 ,0.00 ,0.00 ,0.00 
5439211011,4.19 ,4.65 ,5.16 ,7.00 ,4.75 ,5.00 ,5.44 ,6.25 ,7.17 ,6.31 ,5.81 ,6.16 ,7.11 ,7.63 ,6.37 ,3.59 ,2.74 ,1.72 ,0.77 ,0.16 ,0.02 
5439211012,1.80 ,1.99 ,2.21 ,0.00 ,2.72 ,2.87 ,3.12 ,3.59 ,4.11 ,3.62 ,3.34 ,3.53 ,4.08 ,3.81 ,3.19 ,5.18 ,3.96 ,2.49 ,1.11 ,0.23 ,0.02 
5439211013,2.99 ,3.32 ,3.68 ,1.00 ,5.01 ,5.28 ,5.74 ,6.60 ,7.57 ,6.66 ,6.14 ,6.50 ,7.51 ,10.35 ,8.65 ,2.79 ,2.13 ,1.34 ,0.60 ,0.13 ,0.01 
5439211014,0.30 ,0.33 ,0.37 ,5.00 ,3.69 ,3.89 ,4.23 ,4.86 ,5.57 ,4.91 ,4.52 ,4.79 ,5.53 ,3.81 ,3.19 ,4.38 ,3.35 ,2.11 ,0.94 ,0.20 ,0.02 
5439211023,2.99 ,3.32 ,3.68 ,6.00 ,5.10 ,5.37 ,5.84 ,6.71 ,7.70 ,6.78 ,6.24 ,6.61 ,7.64 ,9.26 ,7.74 ,7.97 ,6.09 ,3.83 ,1.71 ,0.36 ,0.04 
5439211031,2.99 ,3.32 ,3.68 ,2.00 ,4.22 ,4.45 ,4.83 ,5.56 ,6.37 ,5.61 ,5.17 ,5.47 ,6.32 ,3.81 ,3.19 ,0.80 ,0.61 ,0.38 ,0.17 ,0.04 ,0.00 
5439211032,4.79 ,5.32 ,5.89 ,7.00 ,5.27 ,5.56 ,6.04 ,6.94 ,7.96 ,7.01 ,6.46 ,6.84 ,7.90 ,7.08 ,5.92 ,3.59 ,2.74 ,1.72 ,0.77 ,0.16 ,0.02 
5439211033,2.10 ,2.33 ,2.58 ,1.00 ,2.55 ,2.69 ,2.92 ,3.36 ,3.85 ,3.39 ,3.12 ,3.31 ,3.82 ,1.63 ,1.37 ,10.76 ,8.22 ,5.17 ,2.31 ,0.49 ,0.05 
5439211034,9.28 ,10.30 ,11.42 ,11.00 ,10.28 ,10.83 ,11.78 ,13.54 ,15.53 ,13.68 ,12.60 ,13.34 ,15.41 ,10.89 ,9.11 ,5.18 ,3.96 ,2.49 ,1.11 ,0.23 ,0.02 
5439211041,0.30 ,0.33 ,0.37 ,2.00 ,1.49 ,1.57 ,1.71 ,1.97 ,2.26 ,1.99 ,1.83 ,1.94 ,2.24 ,3.81 ,3.19 ,1.99 ,1.52 ,0.96 ,0.43 ,0.09 ,0.01 
5439211042,0.90 ,1.00 ,1.11 ,2.00 ,1.67 ,1.76 ,1.91 ,2.20 ,2.52 ,2.22 ,2.05 ,2.17 ,2.50 ,6.54 ,5.46 ,7.17 ,5.48 ,3.45 ,1.54 ,0.32 ,0.03 
5439211043,9.88 ,10.96 ,12.16 ,13.00 ,9.93 ,10.46 ,11.38 ,13.08 ,15.00 ,13.21 ,12.17 ,12.88 ,14.89 ,7.08 ,5.92 ,3.59 ,2.74 ,1.72 ,0.77 ,0.16 ,0.02 
5439211044,6.29 ,6.98 ,7.74 ,7.00 ,4.31 ,4.54 ,4.94 ,5.67 ,6.50 ,5.73 ,5.28 ,5.59 ,6.46 ,2.18 ,1.82 ,1.59 ,1.22 ,0.77 ,0.34 ,0.07 ,0.01 
5439211111,2.99 ,3.32 ,3.68 ,0.00 ,3.16 ,3.33 ,3.63 ,4.17 ,4.78 ,4.21 ,3.88 ,4.10 ,4.74 ,3.81 ,3.19 ,5.18 ,3.96 ,2.49 ,1.11 ,0.23 ,0.02 
5439211112,3.89 ,4.32 ,4.79 ,4.00 ,6.06 ,6.39 ,6.95 ,7.99 ,9.16 ,8.07 ,7.43 ,7.87 ,9.09 ,4.90 ,4.10 ,5.98 ,4.57 ,2.87 ,1.29 ,0.27 ,0.03 
5439211122,0.30 ,0.33 ,0.37 ,2.00 ,0.88 ,0.93 ,1.01 ,1.16 ,1.33 ,1.17 ,1.08 ,1.14 ,1.32 ,1.09 ,0.91 ,2.39 ,1.83 ,1.15 ,0.51 ,0.11 ,0.01 
5439211133,1.50 ,1.66 ,1.84 ,3.00 ,2.72 ,2.87 ,3.12 ,3.59 ,4.11 ,3.62 ,3.34 ,3.53 ,4.08 ,3.81 ,3.19 ,0.40 ,0.30 ,0.19 ,0.09 ,0.02 ,0.00 
5439211134,0.00 ,0.00 ,0.00 ,0.00 ,0.00 ,0.00 ,0.00 ,0.00 ,0.00 ,0.00 ,0.00 ,0.00 ,0.00 ,1.63 ,1.37 ,22.71 ,17.35 ,10.91 ,4.89 ,1.03 ,0.11 
5439211212,2.40 ,2.66 ,2.95 ,1.00 ,2.37 ,2.50 ,2.72 ,3.13 ,3.58 ,3.16 ,2.91 ,3.08 ,3.56 ,1.63 ,1.37 ,0.40 ,0.30 ,0.19 ,0.09 ,0.02 ,0.00 
5439212011,2.99 ,3.32 ,3.68 ,7.00 ,5.89 ,6.20 ,6.75 ,7.75 ,8.89 ,7.83 ,7.21 ,7.64 ,8.83 ,12.53 ,10.47 ,7.57 ,5.78 ,3.64 ,1.63 ,0.34 ,0.04 
5439212012,6.89 ,7.64 ,8.47 ,10.00 ,8.26 ,8.70 ,9.47 ,10.88 ,12.48 ,10.99 ,10.12 ,10.72 ,12.38 ,11.44 ,9.56 ,6.77 ,5.18 ,3.25 ,1.46 ,0.31 ,0.03 
5439212013,4.79 ,5.32 ,5.89 ,6.00 ,6.94 ,7.32 ,7.96 ,9.14 ,10.48 ,9.23 ,8.51 ,9.01 ,10.41 ,10.35 ,8.65 ,3.19 ,2.44 ,1.53 ,0.69 ,0.14 ,0.01 
5439212014,8.08 ,8.97 ,9.95 ,7.00 ,7.65 ,8.06 ,8.76 ,10.07 ,11.55 ,10.17 ,9.37 ,9.92 ,11.46 ,14.16 ,11.84 ,12.35 ,9.44 ,5.94 ,2.66 ,0.56 ,0.06 
5439212021,8.08 ,8.97 ,9.95 ,6.00 ,5.19 ,5.46 ,5.94 ,6.83 ,7.83 ,6.90 ,6.35 ,6.73 ,7.77 ,11.44 ,9.56 ,3.19 ,2.44 ,1.53 ,0.69 ,0.14 ,0.01 
5439212022,11.68 ,12.96 ,14.37 ,11.00 ,9.93 ,10.46 ,11.38 ,13.08 ,15.00 ,13.21 ,12.17 ,12.88 ,14.89 ,13.07 ,10.93 ,4.78 ,3.65 ,2.30 ,1.03 ,0.22 ,0.02 
5439212023,3.59 ,3.99 ,4.42 ,5.00 ,5.80 ,6.11 ,6.65 ,7.64 ,8.76 ,7.72 ,7.11 ,7.52 ,8.70 ,18.52 ,15.48 ,13.55 ,10.35 ,6.51 ,2.91 ,0.61 ,0.06 
5439212024,3.59 ,3.99 ,4.42 ,7.00 ,6.68 ,7.04 ,7.65 ,8.80 ,10.09 ,8.88 ,8.18 ,8.66 ,10.01 ,21.24 ,17.76 ,11.95 ,9.13 ,5.74 ,2.57 ,0.54 ,0.06 
5439212031,6.59 ,7.31 ,8.10 ,13.00 ,5.89 ,6.20 ,6.75 ,7.75 ,8.89 ,7.83 ,7.21 ,7.64 ,8.83 ,12.53 ,10.47 ,7.57 ,5.78 ,3.64 ,1.63 ,0.34 ,0.04 
5439212032,6.29 ,6.98 ,7.74 ,4.00 ,7.38 ,7.78 ,8.46 ,9.72 ,11.15 ,9.82 ,9.04 ,9.58 ,11.07 ,19.61 ,16.39 ,10.76 ,8.22 ,5.17 ,2.31 ,0.49 ,0.05 
5439212033,2.40 ,2.66 ,2.95 ,9.00 ,7.03 ,7.41 ,8.06 ,9.26 ,10.62 ,9.35 ,8.61 ,9.12 ,10.54 ,19.06 ,15.94 ,8.77 ,6.70 ,4.21 ,1.89 ,0.40 ,0.04 
5439212034,3.59 ,3.99 ,4.42 ,7.00 ,5.63 ,5.93 ,6.45 ,7.41 ,8.49 ,7.48 ,6.89 ,7.30 ,8.43 ,9.80 ,8.20 ,8.37 ,6.39 ,4.02 ,1.80 ,0.38 ,0.04 
5439212041,5.69 ,6.31 ,7.00 ,14.00 ,9.84 ,10.37 ,11.28 ,12.96 ,14.86 ,13.09 ,12.06 ,12.77 ,14.76 ,15.25 ,12.75 ,15.14 ,11.57 ,7.28 ,3.26 ,0.69 ,0.07 
5439212042,9.88 ,10.96 ,12.16 ,6.00 ,9.58 ,10.09 ,10.98 ,12.62 ,14.47 ,12.74 ,11.74 ,12.43 ,14.36 ,19.06 ,15.94 ,11.95 ,9.13 ,5.74 ,2.57 ,0.54 ,0.06 
5439212043,4.49 ,4.98 ,5.53 ,0.00 ,6.86 ,7.22 ,7.86 ,9.03 ,10.35 ,9.12 ,8.40 ,8.89 ,10.28 ,21.24 ,17.76 ,18.33 ,14.01 ,8.81 ,3.94 ,0.83 ,0.09 
5439212044,6.89 ,7.64 ,8.47 ,8.00 ,6.94 ,7.32 ,7.96 ,9.14 ,10.48 ,9.23 ,8.51 ,9.01 ,10.41 ,7.63 ,6.37 ,8.77 ,6.70 ,4.21 ,1.89 ,0.40 ,0.04 
5439212111,2.69 ,2.99 ,3.32 ,7.00 ,6.24 ,6.57 ,7.15 ,8.22 ,9.42 ,8.30 ,7.64 ,8.09 ,9.35 ,14.16 ,11.84 ,6.38 ,4.87 ,3.06 ,1.37 ,0.29 ,0.03 
5439212112,12.28 ,13.62 ,15.10 ,9.00 ,13.80 ,14.54 ,15.81 ,18.17 ,20.84 ,18.35 ,16.90 ,17.90 ,20.68 ,26.15 ,21.85 ,33.07 ,25.27 ,15.89 ,7.11 ,1.50 ,0.16 
5439212113,8.38 ,9.30 ,10.31 ,7.00 ,9.93 ,10.46 ,11.38 ,13.08 ,15.00 ,13.21 ,12.17 ,12.88 ,14.89 ,10.89 ,9.11 ,2.39 ,1.83 ,1.15 ,0.51 ,0.11 ,0.01 
5439212114,6.89 ,7.64 ,8.47 ,17.00 ,14.24 ,15.00 ,16.32 ,18.75 ,21.50 ,18.94 ,17.44 ,18.47 ,21.34 ,14.16 ,11.84 ,11.95 ,9.13 ,5.74 ,2.57 ,0.54 ,0.06 
5439212121,5.09 ,5.65 ,6.26 ,7.00 ,3.69 ,3.89 ,4.23 ,4.86 ,5.57 ,4.91 ,4.52 ,4.79 ,5.53 ,4.36 ,3.64 ,1.59 ,1.22 ,0.77 ,0.34 ,0.07 ,0.01 
5439212122,9.88 ,10.96 ,12.16 ,6.00 ,9.49 ,10.00 ,10.88 ,12.50 ,14.33 ,12.62 ,11.63 ,12.31 ,14.23 ,7.63 ,6.37 ,5.18 ,3.96 ,2.49 ,1.11 ,0.23 ,0.02 
5439212123,13.77 ,15.28 ,16.94 ,16.00 ,11.69 ,12.32 ,13.40 ,15.39 ,17.65 ,15.55 ,14.32 ,15.16 ,17.52 ,2.18 ,1.82 ,2.79 ,2.13 ,1.34 ,0.60 ,0.13 ,0.01 
5439212124,12.28 ,13.62 ,15.10 ,29.00 ,15.12 ,15.93 ,17.32 ,19.91 ,22.83 ,20.11 ,18.52 ,19.61 ,22.66 ,17.43 ,14.57 ,5.18 ,3.96 ,2.49 ,1.11 ,0.23 ,0.02 
5439212131,19.16 ,21.26 ,23.58 ,26.00 ,17.14 ,18.06 ,19.64 ,22.57 ,25.88 ,22.79 ,21.00 ,22.23 ,25.69 ,15.25 ,12.75 ,4.38 ,3.35 ,2.11 ,0.94 ,0.20 ,0.02 
5439212132,5.39 ,5.98 ,6.63 ,4.00 ,4.39 ,4.63 ,5.04 ,5.79 ,6.64 ,5.84 ,5.38 ,5.70 ,6.59 ,8.72 ,7.28 ,1.99 ,1.52 ,0.96 ,0.43 ,0.09 ,0.01 
5439212133,6.89 ,7.64 ,8.47 ,11.00 ,9.14 ,9.63 ,10.48 ,12.04 ,13.80 ,12.16 ,11.20 ,11.86 ,13.70 ,10.35 ,8.65 ,4.38 ,3.35 ,2.11 ,0.94 ,0.20 ,0.02 
5439212134,6.29 ,6.98 ,7.74 ,8.00 ,5.10 ,5.37 ,5.84 ,6.71 ,7.70 ,6.78 ,6.24 ,6.61 ,7.64 ,3.27 ,2.73 ,1.20 ,0.91 ,0.57 ,0.26 ,0.05 ,0.01 
5439212141,5.69 ,6.31 ,7.00 ,8.00 ,7.38 ,7.78 ,8.46 ,9.72 ,11.15 ,9.82 ,9.04 ,9.58 ,11.07 ,7.08 ,5.92 ,3.19 ,2.44 ,1.53 ,0.69 ,0.14 ,0.01 
5439212142,3.29 ,3.65 ,4.05 ,2.00 ,6.24 ,6.57 ,7.15 ,8.22 ,9.42 ,8.30 ,7.64 ,8.09 ,9.35 ,4.36 ,3.64 ,4.78 ,3.65 ,2.30 ,1.03 ,0.22 ,0.02 
5439212143,3.59 ,3.99 ,4.42 ,3.00 ,2.64 ,2.78 ,3.02 ,3.47 ,3.98 ,3.51 ,3.23 ,3.42 ,3.95 ,5.45 ,4.55 ,1.59 ,1.22 ,0.77 ,0.34 ,0.07 ,0.01 
5439212144,5.09 ,5.65 ,6.26 ,9.00 ,5.01 ,5.28 ,5.74 ,6.60 ,7.57 ,6.66 ,6.14 ,6.50 ,7.51 ,7.08 ,5.92 ,2.79 ,2.13 ,1.34 ,0.60 ,0.13 ,0.01 
5439212211,2.10 ,2.33 ,2.58 ,2.00 ,2.72 ,2.87 ,3.12 ,3.59 ,4.11 ,3.62 ,3.34 ,3.53 ,4.08 ,1.09 ,0.91 ,1.20 ,0.91 ,0.57 ,0.26 ,0.05 ,0.01 
5439212213,9.88 ,10.96 ,12.16 ,22.00 ,17.40 ,18.34 ,19.94 ,22.92 ,26.28 ,23.15 ,21.32 ,22.57 ,26.09 ,21.79 ,18.21 ,7.17 ,5.48 ,3.45 ,1.54 ,0.32 ,0.03 
5439212214,1.20 ,1.33 ,1.47 ,5.00 ,2.20 ,2.32 ,2.52 ,2.89 ,3.32 ,2.92 ,2.69 ,2.85 ,3.29 ,2.18 ,1.82 ,3.98 ,3.04 ,1.91 ,0.86 ,0.18 ,0.02 
5439212231,2.99 ,3.32 ,3.68 ,12.00 ,7.03 ,7.41 ,8.06 ,9.26 ,10.62 ,9.35 ,8.61 ,9.12 ,10.54 ,3.81 ,3.19 ,4.38 ,3.35 ,2.11 ,0.94 ,0.20 ,0.02 
5439212232,8.38 ,9.30 ,10.31 ,12.00 ,7.56 ,7.96 ,8.66 ,9.95 ,11.41 ,10.05 ,9.26 ,9.80 ,11.33 ,4.36 ,3.64 ,2.79 ,2.13 ,1.34 ,0.60 ,0.13 ,0.01 
5439212233,0.00 ,0.00 ,0.00 ,0.00 ,0.88 ,0.93 ,1.01 ,1.16 ,1.33 ,1.17 ,1.08 ,1.14 ,1.32 ,0.54 ,0.46 ,1.59 ,1.22 ,0.77 ,0.34 ,0.07 ,0.01 
5439212243,2.69 ,2.99 ,3.32 ,2.00 ,3.60 ,3.80 ,4.13 ,4.75 ,5.44 ,4.79 ,4.41 ,4.67 ,5.40 ,4.90 ,4.10 ,2.39 ,1.83 ,1.15 ,0.51 ,0.11 ,0.01 
5439213011,1.80 ,1.99 ,2.21 ,2.00 ,4.13 ,4.35 ,4.73 ,5.44 ,6.24 ,5.49 ,5.06 ,5.36 ,6.19 ,6.54 ,5.46 ,1.99 ,1.52 ,0.96 ,0.43 ,0.09 ,0.01 
5439213012,5.09 ,5.65 ,6.26 ,2.00 ,6.50 ,6.85 ,7.45 ,8.57 ,9.82 ,8.65 ,7.97 ,8.44 ,9.75 ,13.07 ,10.93 ,18.33 ,14.01 ,8.81 ,3.94 ,0.83 ,0.09 
5439213013,2.10 ,2.33 ,2.58 ,0.00 ,0.53 ,0.56 ,0.60 ,0.69 ,0.80 ,0.70 ,0.65 ,0.68 ,0.79 ,1.09 ,0.91 ,0.40 ,0.30 ,0.19 ,0.09 ,0.02 ,0.00 
5439213014,9.28 ,10.30 ,11.42 ,11.00 ,10.99 ,11.58 ,12.59 ,14.47 ,16.59 ,14.61 ,13.46 ,14.25 ,16.47 ,22.33 ,18.67 ,13.95 ,10.66 ,6.70 ,3.00 ,0.63 ,0.07 
5439213021,5.69 ,6.31 ,7.00 ,9.00 ,10.46 ,11.02 ,11.99 ,13.77 ,15.79 ,13.91 ,12.81 ,13.57 ,15.68 ,29.96 ,25.04 ,15.94 ,12.18 ,7.66 ,3.43 ,0.72 ,0.07 
5439213022,5.99 ,6.64 ,7.37 ,7.00 ,6.94 ,7.32 ,7.96 ,9.14 ,10.48 ,9.23 ,8.51 ,9.01 ,10.41 ,22.33 ,18.67 ,11.55 ,8.83 ,5.55 ,2.49 ,0.52 ,0.05 
5439213023,3.59 ,3.99 ,4.42 ,8.00 ,6.59 ,6.95 ,7.55 ,8.68 ,9.95 ,8.77 ,8.08 ,8.55 ,9.88 ,17.98 ,15.02 ,8.77 ,6.70 ,4.21 ,1.89 ,0.40 ,0.04 
5439213024,4.49 ,4.98 ,5.53 ,9.00 ,9.84 ,10.37 ,11.28 ,12.96 ,14.86 ,13.09 ,12.06 ,12.77 ,14.76 ,25.06 ,20.94 ,10.36 ,7.92 ,4.98 ,2.23 ,0.47 ,0.05 
5439213031,3.29 ,3.65 ,4.05 ,2.00 ,2.46 ,2.59 ,2.82 ,3.24 ,3.72 ,3.27 ,3.01 ,3.19 ,3.69 ,1.63 ,1.37 ,3.19 ,2.44 ,1.53 ,0.69 ,0.14 ,0.01 
5439213032,7.48 ,8.31 ,9.21 ,5.00 ,7.30 ,7.69 ,8.36 ,9.61 ,11.02 ,9.70 ,8.94 ,9.46 ,10.93 ,16.34 ,13.66 ,17.53 ,13.40 ,8.42 ,3.77 ,0.79 ,0.08 
5439213034,1.20 ,1.33 ,1.47 ,0.00 ,0.62 ,0.65 ,0.71 ,0.81 ,0.93 ,0.82 ,0.75 ,0.80 ,0.92 ,1.09 ,0.91 ,0.40 ,0.30 ,0.19 ,0.09 ,0.02 ,0.00 
5439213041,12.57 ,13.95 ,15.47 ,18.00 ,9.58 ,10.09 ,10.98 ,12.62 ,14.47 ,12.74 ,11.74 ,12.43 ,14.36 ,9.26 ,7.74 ,2.39 ,1.83 ,1.15 ,0.51 ,0.11 ,0.01 
5439213042,6.89 ,7.64 ,8.47 ,10.00 ,7.91 ,8.33 ,9.07 ,10.42 ,11.94 ,10.52 ,9.69 ,10.26 ,11.86 ,8.17 ,6.83 ,3.59 ,2.74 ,1.72 ,0.77 ,0.16 ,0.02 
5439213043,1.80 ,1.99 ,2.21 ,3.00 ,2.20 ,2.32 ,2.52 ,2.89 ,3.32 ,2.92 ,2.69 ,2.85 ,3.29 ,6.54 ,5.46 ,1.20 ,0.91 ,0.57 ,0.26 ,0.05 ,0.01 
5439213044,1.80 ,1.99 ,2.21 ,3.00 ,2.81 ,2.96 ,3.22 ,3.70 ,4.25 ,3.74 ,3.45 ,3.65 ,4.22 ,2.72 ,2.28 ,1.20 ,0.91 ,0.57 ,0.26 ,0.05 ,0.01 
5439213111,1.80 ,1.99 ,2.21 ,4.00 ,5.36 ,5.65 ,6.14 ,7.06 ,8.10 ,7.13 ,6.57 ,6.95 ,8.04 ,7.08 ,5.92 ,3.98 ,3.04 ,1.91 ,0.86 ,0.18 ,0.02 
5439213112,0.00 ,0.00 ,0.00 ,0.00 ,1.58 ,1.67 ,1.81 ,2.08 ,2.39 ,2.10 ,1.94 ,2.05 ,2.37 ,6.54 ,5.46 ,8.77 ,6.70 ,4.21 ,1.89 ,0.40 ,0.04 
5439213113,4.49 ,4.98 ,5.53 ,0.00 ,6.24 ,6.57 ,7.15 ,8.22 ,9.42 ,8.30 ,7.64 ,8.09 ,9.35 ,5.45 ,4.55 ,2.79 ,2.13 ,1.34 ,0.60 ,0.13 ,0.01 
5439213114,3.89 ,4.32 ,4.79 ,3.00 ,6.24 ,6.57 ,7.15 ,8.22 ,9.42 ,8.30 ,7.64 ,8.09 ,9.35 ,17.98 ,15.02 ,11.55 ,8.83 ,5.55 ,2.49 ,0.52 ,0.05 
5439213121,1.20 ,1.33 ,1.47 ,1.00 ,2.02 ,2.13 ,2.32 ,2.66 ,3.05 ,2.69 ,2.48 ,2.62 ,3.03 ,3.27 ,2.73 ,1.59 ,1.22 ,0.77 ,0.34 ,0.07 ,0.01 
5439213122,1.80 ,1.99 ,2.21 ,2.00 ,3.25 ,3.43 ,3.73 ,4.28 ,4.91 ,4.33 ,3.98 ,4.22 ,4.87 ,3.27 ,2.73 ,1.20 ,0.91 ,0.57 ,0.26 ,0.05 ,0.01 
5439213131,3.89 ,4.32 ,4.79 ,5.00 ,5.19 ,5.46 ,5.94 ,6.83 ,7.83 ,6.90 ,6.35 ,6.73 ,7.77 ,9.80 ,8.20 ,1.99 ,1.52 ,0.96 ,0.43 ,0.09 ,0.01 
5439213132,6.29 ,6.98 ,7.74 ,12.00 ,6.59 ,6.95 ,7.55 ,8.68 ,9.95 ,8.77 ,8.08 ,8.55 ,9.88 ,11.44 ,9.56 ,4.38 ,3.35 ,2.11 ,0.94 ,0.20 ,0.02 
5439213133,2.99 ,3.32 ,3.68 ,6.00 ,7.47 ,7.87 ,8.56 ,9.84 ,11.28 ,9.94 ,9.15 ,9.69 ,11.20 ,8.72 ,7.28 ,5.18 ,3.96 ,2.49 ,1.11 ,0.23 ,0.02 
5439213213,0.90 ,1.00 ,1.11 ,1.00 ,1.05 ,1.11 ,1.21 ,1.39 ,1.59 ,1.40 ,1.29 ,1.37 ,1.58 ,1.63 ,1.37 ,0.40 ,0.30 ,0.19 ,0.09 ,0.02 ,0.00 
5439213214,2.40 ,2.66 ,2.95 ,0.00 ,1.49 ,1.57 ,1.71 ,1.97 ,2.26 ,1.99 ,1.83 ,1.94 ,2.24 ,3.81 ,3.19 ,0.80 ,0.61 ,0.38 ,0.17 ,0.04 ,0.00 
5439213222,3.29 ,3.65 ,4.05 ,2.00 ,2.20 ,2.32 ,2.52 ,2.89 ,3.32 ,2.92 ,2.69 ,2.85 ,3.29 ,0.00 ,0.00 ,0.80 ,0.61 ,0.38 ,0.17 ,0.04 ,0.00 
5439214012,0.90 ,1.00 ,1.11 ,0.00 ,1.23 ,1.30 ,1.41 ,1.62 ,1.86 ,1.64 ,1.51 ,1.60 ,1.84 ,0.54 ,0.46 ,0.00 ,0.00 ,0.00 ,0.00 ,0.00 ,0.00 
5439214014,0.30 ,0.33 ,0.37 ,1.00 ,1.32 ,1.39 ,1.51 ,1.74 ,1.99 ,1.75 ,1.62 ,1.71 ,1.98 ,3.27 ,2.73 ,0.80 ,0.61 ,0.38 ,0.17 ,0.04 ,0.00 
5439214021,0.30 ,0.33 ,0.37 ,1.00 ,0.44 ,0.46 ,0.50 ,0.58 ,0.66 ,0.58 ,0.54 ,0.57 ,0.66 ,0.00 ,0.00 ,1.59 ,1.22 ,0.77 ,0.34 ,0.07 ,0.01 
5439214022,2.99 ,3.32 ,3.68 ,4.00 ,2.99 ,3.15 ,3.42 ,3.94 ,4.51 ,3.97 ,3.66 ,3.88 ,4.48 ,4.36 ,3.64 ,3.59 ,2.74 ,1.72 ,0.77 ,0.16 ,0.02 
5439214024,1.20 ,1.33 ,1.47 ,0.00 ,2.29 ,2.41 ,2.62 ,3.01 ,3.45 ,3.04 ,2.80 ,2.96 ,3.43 ,4.36 ,3.64 ,1.99 ,1.52 ,0.96 ,0.43 ,0.09 ,0.01 
5439214031,0.30 ,0.33 ,0.37 ,0.00 ,1.32 ,1.39 ,1.51 ,1.74 ,1.99 ,1.75 ,1.62 ,1.71 ,1.98 ,0.54 ,0.46 ,0.00 ,0.00 ,0.00 ,0.00 ,0.00 ,0.00 
5439214033,2.69 ,2.99 ,3.32 ,7.00 ,4.39 ,4.63 ,5.04 ,5.79 ,6.64 ,5.84 ,5.38 ,5.70 ,6.59 ,2.72 ,2.28 ,1.59 ,1.22 ,0.77 ,0.34 ,0.07 ,0.01 
5439214034,2.99 ,3.32 ,3.68 ,4.00 ,2.90 ,3.06 ,3.32 ,3.82 ,4.38 ,3.86 ,3.55 ,3.76 ,4.35 ,4.90 ,4.10 ,3.59 ,2.74 ,1.72 ,0.77 ,0.16 ,0.02 
5439214043,1.50 ,1.66 ,1.84 ,0.00 ,2.55 ,2.69 ,2.92 ,3.36 ,3.85 ,3.39 ,3.12 ,3.31 ,3.82 ,3.81 ,3.19 ,0.80 ,0.61 ,0.38 ,0.17 ,0.04 ,0.00 
5439214111,1.20 ,1.33 ,1.47 ,3.00 ,4.66 ,4.91 ,5.34 ,6.13 ,7.03 ,6.20 ,5.71 ,6.04 ,6.98 ,11.44 ,9.56 ,7.57 ,5.78 ,3.64 ,1.63 ,0.34 ,0.04 
5439214113,2.10 ,2.33 ,2.58 ,0.00 ,1.58 ,1.67 ,1.81 ,2.08 ,2.39 ,2.10 ,1.94 ,2.05 ,2.37 ,4.90 ,4.10 ,1.59 ,1.22 ,0.77 ,0.34 ,0.07 ,0.01 
5439214122,0.00 ,0.00 ,0.00 ,1.00 ,0.88 ,0.93 ,1.01 ,1.16 ,1.33 ,1.17 ,1.08 ,1.14 ,1.32 ,2.72 ,2.28 ,1.20 ,0.91 ,0.57 ,0.26 ,0.05 ,0.01 
5439214123,0.60 ,0.66 ,0.74 ,0.00 ,1.05 ,1.11 ,1.21 ,1.39 ,1.59 ,1.40 ,1.29 ,1.37 ,1.58 ,1.63 ,1.37 ,0.80 ,0.61 ,0.38 ,0.17 ,0.04 ,0.00 
5439214124,2.40 ,2.66 ,2.95 ,2.00 ,0.97 ,1.02 ,1.11 ,1.27 ,1.46 ,1.29 ,1.18 ,1.25 ,1.45 ,4.90 ,4.10 ,0.80 ,0.61 ,0.38 ,0.17 ,0.04 ,0.00 
5439214132,2.69 ,2.99 ,3.32 ,4.00 ,4.39 ,4.63 ,5.04 ,5.79 ,6.64 ,5.84 ,5.38 ,5.70 ,6.59 ,3.27 ,2.73 ,3.19 ,2.44 ,1.53 ,0.69 ,0.14 ,0.01 
5439214141,1.20 ,1.33 ,1.47 ,7.00 ,2.37 ,2.50 ,2.72 ,3.13 ,3.58 ,3.16 ,2.91 ,3.08 ,3.56 ,5.99 ,5.01 ,3.19 ,2.44 ,1.53 ,0.69 ,0.14 ,0.01 
5439214143,0.00 ,0.00 ,0.00 ,0.00 ,0.88 ,0.93 ,1.01 ,1.16 ,1.33 ,1.17 ,1.08 ,1.14 ,1.32 ,1.09 ,0.91 ,0.00 ,0.00 ,0.00 ,0.00 ,0.00 ,0.00 
5439214144,1.80 ,1.99 ,2.21 ,0.00 ,2.02 ,2.13 ,2.32 ,2.66 ,3.05 ,2.69 ,2.48 ,2.62 ,3.03 ,4.90 ,4.10 ,0.80 ,0.61 ,0.38 ,0.17 ,0.04 ,0.00 
5439214211,1.20 ,1.33 ,1.47 ,0.00 ,1.14 ,1.20 ,1.31 ,1.50 ,1.73 ,1.52 ,1.40 ,1.48 ,1.71 ,1.09 ,0.91 ,0.80 ,0.61 ,0.38 ,0.17 ,0.04 ,0.00 
5439214213,2.40 ,2.66 ,2.95 ,2.00 ,2.64 ,2.78 ,3.02 ,3.47 ,3.98 ,3.51 ,3.23 ,3.42 ,3.95 ,2.72 ,2.28 ,3.98 ,3.04 ,1.91 ,0.86 ,0.18 ,0.02 
5439214214,0.90 ,1.00 ,1.11 ,4.00 ,4.48 ,4.72 ,5.14 ,5.90 ,6.77 ,5.96 ,5.49 ,5.81 ,6.72 ,4.36 ,3.64 ,5.18 ,3.96 ,2.49 ,1.11 ,0.23 ,0.02 
5439214223,0.60 ,0.66 ,0.74 ,1.00 ,1.23 ,1.30 ,1.41 ,1.62 ,1.86 ,1.64 ,1.51 ,1.60 ,1.84 ,2.72 ,2.28 ,1.99 ,1.52 ,0.96 ,0.43 ,0.09 ,0.01 
5439214231,0.90 ,1.00 ,1.11 ,0.00 ,0.97 ,1.02 ,1.11 ,1.27 ,1.46 ,1.29 ,1.18 ,1.25 ,1.45 ,2.72 ,2.28 ,0.80 ,0.61 ,0.38 ,0.17 ,0.04 ,0.00 
5439214232,1.80 ,1.99 ,2.21 ,7.00 ,3.87 ,4.07 ,4.43 ,5.09 ,5.84 ,5.14 ,4.74 ,5.02 ,5.80 ,3.81 ,3.19 ,2.79 ,2.13 ,1.34 ,0.60 ,0.13 ,0.01 
5439214233,1.50 ,1.66 ,1.84 ,0.00 ,3.52 ,3.70 ,4.03 ,4.63 ,5.31 ,4.68 ,4.31 ,4.56 ,5.27 ,3.81 ,3.19 ,0.40 ,0.30 ,0.19 ,0.09 ,0.02 ,0.00 
5439214241,3.89 ,4.32 ,4.79 ,2.00 ,5.01 ,5.28 ,5.74 ,6.60 ,7.57 ,6.66 ,6.14 ,6.50 ,7.51 ,3.81 ,3.19 ,3.19 ,2.44 ,1.53 ,0.69 ,0.14 ,0.01 
5439214242,1.50 ,1.66 ,1.84 ,2.00 ,0.88 ,0.93 ,1.01 ,1.16 ,1.33 ,1.17 ,1.08 ,1.14 ,1.32 ,2.18 ,1.82 ,0.40 ,0.30 ,0.19 ,0.09 ,0.02 ,0.00 
5439214333,0.90 ,1.00 ,1.11 ,0.00 ,0.79 ,0.83 ,0.91 ,1.04 ,1.19 ,1.05 ,0.97 ,1.03 ,1.19 ,1.09 ,0.91 ,2.39 ,1.83 ,1.15 ,0.51 ,0.11 ,0.01 
5439214543,0.00 ,0.00 ,0.00 ,0.00 ,0.26 ,0.28 ,0.30 ,0.35 ,0.40 ,0.35 ,0.32 ,0.34 ,0.40 ,7.08 ,5.92 ,5.98 ,4.57 ,2.87 ,1.29 ,0.27 ,0.03 
5439215011,2.69 ,2.99 ,3.32 ,2.00 ,2.90 ,3.06 ,3.32 ,3.82 ,4.38 ,3.86 ,3.55 ,3.76 ,4.35 ,4.36 ,3.64 ,2.39 ,1.83 ,1.15 ,0.51 ,0.11 ,0.01 
5439215012,4.19 ,4.65 ,5.16 ,6.00 ,5.63 ,5.93 ,6.45 ,7.41 ,8.49 ,7.48 ,6.89 ,7.30 ,8.43 ,9.26 ,7.74 ,1.99 ,1.52 ,0.96 ,0.43 ,0.09 ,0.01 
5439215014,2.69 ,2.99 ,3.32 ,2.00 ,4.48 ,4.72 ,5.14 ,5.90 ,6.77 ,5.96 ,5.49 ,5.81 ,6.72 ,7.08 ,5.92 ,8.77 ,6.70 ,4.21 ,1.89 ,0.40 ,0.04 
5439215021,0.90 ,1.00 ,1.11 ,3.00 ,2.90 ,3.06 ,3.32 ,3.82 ,4.38 ,3.86 ,3.55 ,3.76 ,4.35 ,2.72 ,2.28 ,5.58 ,4.26 ,2.68 ,1.20 ,0.25 ,0.03 
5439215022,3.29 ,3.65 ,4.05 ,7.00 ,5.54 ,5.83 ,6.35 ,7.29 ,8.36 ,7.36 ,6.78 ,7.18 ,8.30 ,4.90 ,4.10 ,3.59 ,2.74 ,1.72 ,0.77 ,0.16 ,0.02 
5439215023,1.20 ,1.33 ,1.47 ,0.00 ,1.58 ,1.67 ,1.81 ,2.08 ,2.39 ,2.10 ,1.94 ,2.05 ,2.37 ,1.63 ,1.37 ,1.59 ,1.22 ,0.77 ,0.34 ,0.07 ,0.01 
5439215032,1.50 ,1.66 ,1.84 ,4.00 ,3.60 ,3.80 ,4.13 ,4.75 ,5.44 ,4.79 ,4.41 ,4.67 ,5.40 ,1.63 ,1.37 ,1.20 ,0.91 ,0.57 ,0.26 ,0.05 ,0.01 
5439215033,0.00 ,0.00 ,0.00 ,0.00 ,1.93 ,2.04 ,2.22 ,2.55 ,2.92 ,2.57 ,2.37 ,2.51 ,2.90 ,0.00 ,0.00 ,0.40 ,0.30 ,0.19 ,0.09 ,0.02 ,0.00 
5439215042,2.40 ,2.66 ,2.95 ,2.00 ,4.48 ,4.72 ,5.14 ,5.90 ,6.77 ,5.96 ,5.49 ,5.81 ,6.72 ,6.54 ,5.46 ,1.99 ,1.52 ,0.96 ,0.43 ,0.09 ,0.01 
5439215044,7.78 ,8.64 ,9.58 ,11.00 ,13.18 ,13.89 ,15.11 ,17.36 ,19.91 ,17.53 ,16.15 ,17.10 ,19.76 ,11.98 ,10.02 ,7.97 ,6.09 ,3.83 ,1.71 ,0.36 ,0.04 
5439215111,0.30 ,0.33 ,0.37 ,0.00 ,1.14 ,1.20 ,1.31 ,1.50 ,1.73 ,1.52 ,1.40 ,1.48 ,1.71 ,4.36 ,3.64 ,1.99 ,1.52 ,0.96 ,0.43 ,0.09 ,0.01 
5439215112,0.30 ,0.33 ,0.37 ,2.00 ,0.70 ,0.74 ,0.81 ,0.93 ,1.06 ,0.94 ,0.86 ,0.91 ,1.05 ,1.09 ,0.91 ,0.80 ,0.61 ,0.38 ,0.17 ,0.04 ,0.00 
5439215113,0.30 ,0.33 ,0.37 ,0.00 ,0.44 ,0.46 ,0.50 ,0.58 ,0.66 ,0.58 ,0.54 ,0.57 ,0.66 ,2.18 ,1.82 ,3.19 ,2.44 ,1.53 ,0.69 ,0.14 ,0.01 
5439215121,7.78 ,8.64 ,9.58 ,11.00 ,8.00 ,8.43 ,9.17 ,10.53 ,12.08 ,10.64 ,9.80 ,10.37 ,11.99 ,10.35 ,8.65 ,5.18 ,3.96 ,2.49 ,1.11 ,0.23 ,0.02 
5439215122,7.19 ,7.97 ,8.84 ,4.00 ,7.21 ,7.59 ,8.26 ,9.49 ,10.88 ,9.59 ,8.83 ,9.35 ,10.80 ,9.26 ,7.74 ,9.56 ,7.31 ,4.60 ,2.06 ,0.43 ,0.04 
5439215123,0.30 ,0.33 ,0.37 ,3.00 ,0.44 ,0.46 ,0.50 ,0.58 ,0.66 ,0.58 ,0.54 ,0.57 ,0.66 ,1.63 ,1.37 ,1.99 ,1.52 ,0.96 ,0.43 ,0.09 ,0.01 
5439215124,3.29 ,3.65 ,4.05 ,10.00 ,6.33 ,6.67 ,7.25 ,8.33 ,9.56 ,8.42 ,7.75 ,8.21 ,9.49 ,7.63 ,6.37 ,5.18 ,3.96 ,2.49 ,1.11 ,0.23 ,0.02 
5439215133,1.20 ,1.33 ,1.47 ,1.00 ,2.11 ,2.22 ,2.42 ,2.78 ,3.19 ,2.81 ,2.58 ,2.74 ,3.16 ,2.18 ,1.82 ,1.59 ,1.22 ,0.77 ,0.34 ,0.07 ,0.01 
5439215143,0.90 ,1.00 ,1.11 ,3.00 ,1.05 ,1.11 ,1.21 ,1.39 ,1.59 ,1.40 ,1.29 ,1.37 ,1.58 ,3.81 ,3.19 ,1.99 ,1.52 ,0.96 ,0.43 ,0.09 ,0.01 
5439215211,1.80 ,1.99 ,2.21 ,3.00 ,3.08 ,3.24 ,3.53 ,4.05 ,4.65 ,4.09 ,3.77 ,3.99 ,4.61 ,4.36 ,3.64 ,4.38 ,3.35 ,2.11 ,0.94 ,0.20 ,0.02 
5439215213,2.10 ,2.33 ,2.58 ,3.00 ,6.94 ,7.32 ,7.96 ,9.14 ,10.48 ,9.23 ,8.51 ,9.01 ,10.41 ,11.44 ,9.56 ,3.59 ,2.74 ,1.72 ,0.77 ,0.16 ,0.02 
5439215214,1.50 ,1.66 ,1.84 ,0.00 ,0.88 ,0.93 ,1.01 ,1.16 ,1.33 ,1.17 ,1.08 ,1.14 ,1.32 ,2.72 ,2.28 ,1.20 ,0.91 ,0.57 ,0.26 ,0.05 ,0.01 
5439215223,0.90 ,1.00 ,1.11 ,0.00 ,0.62 ,0.65 ,0.71 ,0.81 ,0.93 ,0.82 ,0.75 ,0.80 ,0.92 ,0.54 ,0.46 ,0.00 ,0.00 ,0.00 ,0.00 ,0.00 ,0.00 
5439215224,1.80 ,1.99 ,2.21 ,7.00 ,2.81 ,2.96 ,3.22 ,3.70 ,4.25 ,3.74 ,3.45 ,3.65 ,4.22 ,2.72 ,2.28 ,2.79 ,2.13 ,1.34 ,0.60 ,0.13 ,0.01 
5439215232,0.30 ,0.33 ,0.37 ,0.00 ,2.20 ,2.32 ,2.52 ,2.89 ,3.32 ,2.92 ,2.69 ,2.85 ,3.29 ,3.27 ,2.73 ,0.40 ,0.30 ,0.19 ,0.09 ,0.02 ,0.00 
5439215241,0.60 ,0.66 ,0.74 ,2.00 ,0.88 ,0.93 ,1.01 ,1.16 ,1.33 ,1.17 ,1.08 ,1.14 ,1.32 ,1.09 ,0.91 ,0.00 ,0.00 ,0.00 ,0.00 ,0.00 ,0.00 
5439215242,2.40 ,2.66 ,2.95 ,0.00 ,3.43 ,3.61 ,3.93 ,4.51 ,5.18 ,4.56 ,4.20 ,4.45 ,5.14 ,8.17 ,6.83 ,3.59 ,2.74 ,1.72 ,0.77 ,0.16 ,0.02 
5439215243,0.60 ,0.66 ,0.74 ,0.00 ,2.29 ,2.41 ,2.62 ,3.01 ,3.45 ,3.04 ,2.80 ,2.96 ,3.43 ,3.27 ,2.73 ,1.59 ,1.22 ,0.77 ,0.34 ,0.07 ,0.01 
5439215311,0.00 ,0.00 ,0.00 ,0.00 ,1.14 ,1.20 ,1.31 ,1.50 ,1.73 ,1.52 ,1.40 ,1.48 ,1.71 ,3.27 ,2.73 ,0.00 ,0.00 ,0.00 ,0.00 ,0.00 ,0.00 
5439215312,1.50 ,1.66 ,1.84 ,3.00 ,2.46 ,2.59 ,2.82 ,3.24 ,3.72 ,3.27 ,3.01 ,3.19 ,3.69 ,3.81 ,3.19 ,1.59 ,1.22 ,0.77 ,0.34 ,0.07 ,0.01 
5439215313,4.49 ,4.98 ,5.53 ,4.00 ,8.17 ,8.61 ,9.37 ,10.76 ,12.34 ,10.87 ,10.01 ,10.60 ,12.25 ,6.54 ,5.46 ,6.77 ,5.18 ,3.25 ,1.46 ,0.31 ,0.03 
5439215314,2.10 ,2.33 ,2.58 ,2.00 ,4.75 ,5.00 ,5.44 ,6.25 ,7.17 ,6.31 ,5.81 ,6.16 ,7.11 ,6.54 ,5.46 ,3.59 ,2.74 ,1.72 ,0.77 ,0.16 ,0.02 
5439215331,1.20 ,1.33 ,1.47 ,0.00 ,3.34 ,3.52 ,3.83 ,4.40 ,5.04 ,4.44 ,4.09 ,4.33 ,5.01 ,3.81 ,3.19 ,3.19 ,2.44 ,1.53 ,0.69 ,0.14 ,0.01 
5439215332,0.60 ,0.66 ,0.74 ,2.00 ,1.14 ,1.20 ,1.31 ,1.50 ,1.73 ,1.52 ,1.40 ,1.48 ,1.71 ,4.36 ,3.64 ,1.59 ,1.22 ,0.77 ,0.34 ,0.07 ,0.01 
5439215333,0.00 ,0.00 ,0.00 ,0.00 ,1.49 ,1.57 ,1.71 ,1.97 ,2.26 ,1.99 ,1.83 ,1.94 ,2.24 ,2.72 ,2.28 ,1.59 ,1.22 ,0.77 ,0.34 ,0.07 ,0.01 
5439215422,2.40 ,2.66 ,2.95 ,5.00 ,3.08 ,3.24 ,3.53 ,4.05 ,4.65 ,4.09 ,3.77 ,3.99 ,4.61 ,3.27 ,2.73 ,2.39 ,1.83 ,1.15 ,0.51 ,0.11 ,0.01 
5439215424,0.60 ,0.66 ,0.74 ,0.00 ,1.14 ,1.20 ,1.31 ,1.50 ,1.73 ,1.52 ,1.40 ,1.48 ,1.71 ,0.00 ,0.00 ,0.80 ,0.61 ,0.38 ,0.17 ,0.04 ,0.00 
5439215443,2.69 ,2.99 ,3.32 ,3.00 ,2.37 ,2.50 ,2.72 ,3.13 ,3.58 ,3.16 ,2.91 ,3.08 ,3.56 ,5.45 ,4.55 ,2.79 ,2.13 ,1.34 ,0.60 ,0.13 ,0.01 
5439215444,4.19 ,4.65 ,5.16 ,1.00 ,4.75 ,5.00 ,5.44 ,6.25 ,7.17 ,6.31 ,5.81 ,6.16 ,7.11 ,3.81 ,3.19 ,4.38 ,3.35 ,2.11 ,0.94 ,0.20 ,0.02 
5439215511,0.90 ,1.00 ,1.11 ,0.00 ,2.29 ,2.41 ,2.62 ,3.01 ,3.45 ,3.04 ,2.80 ,2.96 ,3.43 ,5.99 ,5.01 ,1.59 ,1.22 ,0.77 ,0.34 ,0.07 ,0.01 
5439215531,0.30 ,0.33 ,0.37 ,2.00 ,0.88 ,0.93 ,1.01 ,1.16 ,1.33 ,1.17 ,1.08 ,1.14 ,1.32 ,0.00 ,0.00 ,1.20 ,0.91 ,0.57 ,0.26 ,0.05 ,0.01 
5439215532,0.00 ,0.00 ,0.00 ,0.00 ,0.97 ,1.02 ,1.11 ,1.27 ,1.46 ,1.29 ,1.18 ,1.25 ,1.45 ,1.63 ,1.37 ,1.20 ,0.91 ,0.57 ,0.26 ,0.05 ,0.01 
5439215533,5.39 ,5.98 ,6.63 ,13.00 ,7.21 ,7.59 ,8.26 ,9.49 ,10.88 ,9.59 ,8.83 ,9.35 ,10.80 ,5.45 ,4.55 ,15.94 ,12.18 ,7.66 ,3.43 ,0.72 ,0.07 
5439215534,3.59 ,3.99 ,4.42 ,2.00 ,5.54 ,5.83 ,6.35 ,7.29 ,8.36 ,7.36 ,6.78 ,7.18 ,8.30 ,9.80 ,8.20 ,8.37 ,6.39 ,4.02 ,1.80 ,0.38 ,0.04 
5439216022,0.00 ,0.00 ,0.00 ,0.00 ,1.58 ,1.67 ,1.81 ,2.08 ,2.39 ,2.10 ,1.94 ,2.05 ,2.37 ,0.54 ,0.46 ,0.00 ,0.00 ,0.00 ,0.00 ,0.00 ,0.00 
5439216112,0.00 ,0.00 ,0.00 ,0.00 ,0.53 ,0.56 ,0.60 ,0.69 ,0.80 ,0.70 ,0.65 ,0.68 ,0.79 ,2.72 ,2.28 ,0.40 ,0.30 ,0.19 ,0.09 ,0.02 ,0.00 
5439216121,5.09 ,5.65 ,6.26 ,1.00 ,3.96 ,4.17 ,4.53 ,5.21 ,5.97 ,5.26 ,4.85 ,5.13 ,5.93 ,5.45 ,4.55 ,1.59 ,1.22 ,0.77 ,0.34 ,0.07 ,0.01 
5439216133,1.50 ,1.66 ,1.84 ,0.00 ,2.37 ,2.50 ,2.72 ,3.13 ,3.58 ,3.16 ,2.91 ,3.08 ,3.56 ,1.63 ,1.37 ,0.80 ,0.61 ,0.38 ,0.17 ,0.04 ,0.00 
5439216134,4.79 ,5.32 ,5.89 ,6.00 ,8.53 ,8.98 ,9.77 ,11.23 ,12.87 ,11.34 ,10.44 ,11.06 ,12.78 ,8.17 ,6.83 ,2.39 ,1.83 ,1.15 ,0.51 ,0.11 ,0.01 
5439216141,0.30 ,0.33 ,0.37 ,4.00 ,1.76 ,1.85 ,2.01 ,2.31 ,2.65 ,2.34 ,2.15 ,2.28 ,2.63 ,1.09 ,0.91 ,0.80 ,0.61 ,0.38 ,0.17 ,0.04 ,0.00 
5439216143,6.89 ,7.64 ,8.47 ,6.00 ,7.12 ,7.50 ,8.16 ,9.38 ,10.75 ,9.47 ,8.72 ,9.23 ,10.67 ,11.44 ,9.56 ,5.98 ,4.57 ,2.87 ,1.29 ,0.27 ,0.03 
5439216144,1.20 ,1.33 ,1.47 ,8.00 ,2.29 ,2.41 ,2.62 ,3.01 ,3.45 ,3.04 ,2.80 ,2.96 ,3.43 ,4.36 ,3.64 ,1.99 ,1.52 ,0.96 ,0.43 ,0.09 ,0.01 
5439216232,1.50 ,1.66 ,1.84 ,1.00 ,4.57 ,4.82 ,5.24 ,6.02 ,6.90 ,6.08 ,5.60 ,5.93 ,6.85 ,6.54 ,5.46 ,1.20 ,0.91 ,0.57 ,0.26 ,0.05 ,0.01 
5439216233,9.58 ,10.63 ,11.79 ,10.00 ,14.33 ,15.09 ,16.42 ,18.87 ,21.63 ,19.05 ,17.55 ,18.58 ,21.47 ,16.89 ,14.11 ,50.20 ,38.36 ,24.12 ,10.80 ,2.27 ,0.24 
5439216234,2.99 ,3.32 ,3.68 ,3.00 ,5.27 ,5.56 ,6.04 ,6.94 ,7.96 ,7.01 ,6.46 ,6.84 ,7.90 ,9.26 ,7.74 ,8.77 ,6.70 ,4.21 ,1.89 ,0.40 ,0.04 
5439216241,1.20 ,1.33 ,1.47 ,0.00 ,1.23 ,1.30 ,1.41 ,1.62 ,1.86 ,1.64 ,1.51 ,1.60 ,1.84 ,1.09 ,0.91 ,1.59 ,1.22 ,0.77 ,0.34 ,0.07 ,0.01 
5439216243,3.59 ,3.99 ,4.42 ,2.00 ,4.57 ,4.82 ,5.24 ,6.02 ,6.90 ,6.08 ,5.60 ,5.93 ,6.85 ,3.81 ,3.19 ,1.20 ,0.91 ,0.57 ,0.26 ,0.05 ,0.01 
5439216313,1.20 ,1.33 ,1.47 ,0.00 ,2.37 ,2.50 ,2.72 ,3.13 ,3.58 ,3.16 ,2.91 ,3.08 ,3.56 ,5.45 ,4.55 ,4.78 ,3.65 ,2.30 ,1.03 ,0.22 ,0.02 
5439216314,1.80 ,1.99 ,2.21 ,0.00 ,2.02 ,2.13 ,2.32 ,2.66 ,3.05 ,2.69 ,2.48 ,2.62 ,3.03 ,2.18 ,1.82 ,2.39 ,1.83 ,1.15 ,0.51 ,0.11 ,0.01 
5439216323,1.20 ,1.33 ,1.47 ,0.00 ,0.70 ,0.74 ,0.81 ,0.93 ,1.06 ,0.94 ,0.86 ,0.91 ,1.05 ,1.63 ,1.37 ,1.99 ,1.52 ,0.96 ,0.43 ,0.09 ,0.01 
5439216332,2.40 ,2.66 ,2.95 ,3.00 ,4.22 ,4.45 ,4.83 ,5.56 ,6.37 ,5.61 ,5.17 ,5.47 ,6.32 ,7.63 ,6.37 ,1.59 ,1.22 ,0.77 ,0.34 ,0.07 ,0.01 
5439216334,0.90 ,1.00 ,1.11 ,0.00 ,1.14 ,1.20 ,1.31 ,1.50 ,1.73 ,1.52 ,1.40 ,1.48 ,1.71 ,1.09 ,0.91 ,1.20 ,0.91 ,0.57 ,0.26 ,0.05 ,0.01 
5439216341,3.59 ,3.99 ,4.42 ,7.00 ,7.65 ,8.06 ,8.76 ,10.07 ,11.55 ,10.17 ,9.37 ,9.92 ,11.46 ,34.86 ,29.14 ,14.34 ,10.96 ,6.89 ,3.09 ,0.65 ,0.07 
5439216342,0.30 ,0.33 ,0.37 ,0.00 ,0.44 ,0.46 ,0.50 ,0.58 ,0.66 ,0.58 ,0.54 ,0.57 ,0.66 ,1.09 ,0.91 ,0.40 ,0.30 ,0.19 ,0.09 ,0.02 ,0.00 
5439216344,5.99 ,6.64 ,7.37 ,3.00 ,5.01 ,5.28 ,5.74 ,6.60 ,7.57 ,6.66 ,6.14 ,6.50 ,7.51 ,9.80 ,8.20 ,4.38 ,3.35 ,2.11 ,0.94 ,0.20 ,0.02 
5439216422,2.69 ,2.99 ,3.32 ,0.00 ,2.90 ,3.06 ,3.32 ,3.82 ,4.38 ,3.86 ,3.55 ,3.76 ,4.35 ,8.17 ,6.83 ,39.05 ,29.84 ,18.76 ,8.40 ,1.77 ,0.18 
5439216424,2.40 ,2.66 ,2.95 ,3.00 ,1.93 ,2.04 ,2.22 ,2.55 ,2.92 ,2.57 ,2.37 ,2.51 ,2.90 ,0.00 ,0.00 ,0.40 ,0.30 ,0.19 ,0.09 ,0.02 ,0.00 
5439216431,2.69 ,2.99 ,3.32 ,2.00 ,1.85 ,1.94 ,2.12 ,2.43 ,2.79 ,2.45 ,2.26 ,2.39 ,2.77 ,2.72 ,2.28 ,2.39 ,1.83 ,1.15 ,0.51 ,0.11 ,0.01 
5439216432,3.29 ,3.65 ,4.05 ,4.00 ,4.22 ,4.45 ,4.83 ,5.56 ,6.37 ,5.61 ,5.17 ,5.47 ,6.32 ,5.99 ,5.01 ,6.77 ,5.18 ,3.25 ,1.46 ,0.31 ,0.03 
5439216433,3.89 ,4.32 ,4.79 ,5.00 ,6.06 ,6.39 ,6.95 ,7.99 ,9.16 ,8.07 ,7.43 ,7.87 ,9.09 ,2.72 ,2.28 ,4.38 ,3.35 ,2.11 ,0.94 ,0.20 ,0.02 
5439216434,7.19 ,7.97 ,8.84 ,6.00 ,7.56 ,7.96 ,8.66 ,9.95 ,11.41 ,10.05 ,9.26 ,9.80 ,11.33 ,11.44 ,9.56 ,1.59 ,1.22 ,0.77 ,0.34 ,0.07 ,0.01 
5439216442,5.99 ,6.64 ,7.37 ,4.00 ,7.30 ,7.69 ,8.36 ,9.61 ,11.02 ,9.70 ,8.94 ,9.46 ,10.93 ,10.35 ,8.65 ,5.18 ,3.96 ,2.49 ,1.11 ,0.23 ,0.02 
5439216443,20.96 ,23.26 ,25.79 ,1.00 ,9.84 ,10.37 ,11.28 ,12.96 ,14.86 ,13.09 ,12.06 ,12.77 ,14.76 ,8.72 ,7.28 ,1.20 ,0.91 ,0.57 ,0.26 ,0.05 ,0.01 
5439216444,9.28 ,10.30 ,11.42 ,4.00 ,12.66 ,13.34 ,14.50 ,16.67 ,19.11 ,16.83 ,15.50 ,16.42 ,18.97 ,13.07 ,10.93 ,3.59 ,2.74 ,1.72 ,0.77 ,0.16 ,0.02 
5439216511,0.90 ,1.00 ,1.11 ,1.00 ,2.46 ,2.59 ,2.82 ,3.24 ,3.72 ,3.27 ,3.01 ,3.19 ,3.69 ,5.99 ,5.01 ,3.19 ,2.44 ,1.53 ,0.69 ,0.14 ,0.01 
5439216512,0.90 ,1.00 ,1.11 ,0.00 ,1.23 ,1.30 ,1.41 ,1.62 ,1.86 ,1.64 ,1.51 ,1.60 ,1.84 ,3.81 ,3.19 ,11.55 ,8.83 ,5.55 ,2.49 ,0.52 ,0.05 
5439216513,6.89 ,7.64 ,8.47 ,8.00 ,6.68 ,7.04 ,7.65 ,8.80 ,10.09 ,8.88 ,8.18 ,8.66 ,10.01 ,15.25 ,12.75 ,3.59 ,2.74 ,1.72 ,0.77 ,0.16 ,0.02 
5439216514,3.29 ,3.65 ,4.05 ,1.00 ,3.34 ,3.52 ,3.83 ,4.40 ,5.04 ,4.44 ,4.09 ,4.33 ,5.01 ,5.99 ,5.01 ,3.19 ,2.44 ,1.53 ,0.69 ,0.14 ,0.01 
5439216531,3.29 ,3.65 ,4.05 ,7.00 ,3.87 ,4.07 ,4.43 ,5.09 ,5.84 ,5.14 ,4.74 ,5.02 ,5.80 ,8.17 ,6.83 ,5.18 ,3.96 ,2.49 ,1.11 ,0.23 ,0.02 
5439216532,2.40 ,2.66 ,2.95 ,1.00 ,2.37 ,2.50 ,2.72 ,3.13 ,3.58 ,3.16 ,2.91 ,3.08 ,3.56 ,2.72 ,2.28 ,1.99 ,1.52 ,0.96 ,0.43 ,0.09 ,0.01 
5439216533,1.50 ,1.66 ,1.84 ,0.00 ,3.96 ,4.17 ,4.53 ,5.21 ,5.97 ,5.26 ,4.85 ,5.13 ,5.93 ,13.07 ,10.93 ,14.74 ,11.27 ,7.08 ,3.17 ,0.67 ,0.07 
5439216534,2.10 ,2.33 ,2.58 ,3.00 ,3.16 ,3.33 ,3.63 ,4.17 ,4.78 ,4.21 ,3.88 ,4.10 ,4.74 ,5.45 ,4.55 ,2.79 ,2.13 ,1.34 ,0.60 ,0.13 ,0.01 
5439216541,3.89 ,4.32 ,4.79 ,9.00 ,6.50 ,6.85 ,7.45 ,8.57 ,9.82 ,8.65 ,7.97 ,8.44 ,9.75 ,8.72 ,7.28 ,5.18 ,3.96 ,2.49 ,1.11 ,0.23 ,0.02 
5439216542,0.60 ,0.66 ,0.74 ,1.00 ,2.29 ,2.41 ,2.62 ,3.01 ,3.45 ,3.04 ,2.80 ,2.96 ,3.43 ,4.90 ,4.10 ,2.79 ,2.13 ,1.34 ,0.60 ,0.13 ,0.01 
5439216543,15.87 ,17.61 ,19.52 ,19.00 ,28.21 ,29.73 ,32.33 ,37.15 ,42.60 ,37.52 ,34.56 ,36.60 ,42.29 ,38.13 ,31.87 ,17.53 ,13.40 ,8.42 ,3.77 ,0.79 ,0.08 
5439216544,8.08 ,8.97 ,9.95 ,16.00 ,17.49 ,18.43 ,20.04 ,23.03 ,26.41 ,23.26 ,21.43 ,22.69 ,26.22 ,25.60 ,21.40 ,9.96 ,7.61 ,4.79 ,2.14 ,0.45 ,0.05 
5439216631,1.80 ,1.99 ,2.21 ,4.00 ,2.11 ,2.22 ,2.42 ,2.78 ,3.19 ,2.81 ,2.58 ,2.74 ,3.16 ,6.54 ,5.46 ,3.98 ,3.04 ,1.91 ,0.86 ,0.18 ,0.02 
5439216632,1.50 ,1.66 ,1.84 ,1.00 ,2.37 ,2.50 ,2.72 ,3.13 ,3.58 ,3.16 ,2.91 ,3.08 ,3.56 ,3.27 ,2.73 ,3.59 ,2.74 ,1.72 ,0.77 ,0.16 ,0.02 
5439216633,3.29 ,3.65 ,4.05 ,4.00 ,3.69 ,3.89 ,4.23 ,4.86 ,5.57 ,4.91 ,4.52 ,4.79 ,5.53 ,7.08 ,5.92 ,5.18 ,3.96 ,2.49 ,1.11 ,0.23 ,0.02 
5439216634,2.40 ,2.66 ,2.95 ,1.00 ,2.81 ,2.96 ,3.22 ,3.70 ,4.25 ,3.74 ,3.45 ,3.65 ,4.22 ,1.09 ,0.91 ,0.40 ,0.30 ,0.19 ,0.09 ,0.02 ,0.00 
5439216643,4.19 ,4.65 ,5.16 ,5.00 ,6.15 ,6.48 ,7.05 ,8.10 ,9.29 ,8.18 ,7.54 ,7.98 ,9.22 ,16.89 ,14.11 ,7.97 ,6.09 ,3.83 ,1.71 ,0.36 ,0.04 
5439216644,0.00 ,0.00 ,0.00 ,3.00 ,0.44 ,0.46 ,0.50 ,0.58 ,0.66 ,0.58 ,0.54 ,0.57 ,0.66 ,1.09 ,0.91 ,0.00 ,0.00 ,0.00 ,0.00 ,0.00 ,0.00 
5439217121,0.90 ,1.00 ,1.11 ,8.00 ,2.20 ,2.32 ,2.52 ,2.89 ,3.32 ,2.92 ,2.69 ,2.85 ,3.29 ,1.09 ,0.91 ,0.80 ,0.61 ,0.38 ,0.17 ,0.04 ,0.00 
5439217122,2.99 ,3.32 ,3.68 ,1.00 ,1.76 ,1.85 ,2.01 ,2.31 ,2.65 ,2.34 ,2.15 ,2.28 ,2.63 ,1.09 ,0.91 ,0.40 ,0.30 ,0.19 ,0.09 ,0.02 ,0.00 
5439217124,0.00 ,0.00 ,0.00 ,1.00 ,1.76 ,1.85 ,2.01 ,2.31 ,2.65 ,2.34 ,2.15 ,2.28 ,2.63 ,4.90 ,4.10 ,2.39 ,1.83 ,1.15 ,0.51 ,0.11 ,0.01 
5439217211,1.50 ,1.66 ,1.84 ,1.00 ,3.34 ,3.52 ,3.83 ,4.40 ,5.04 ,4.44 ,4.09 ,4.33 ,5.01 ,3.27 ,2.73 ,1.99 ,1.52 ,0.96 ,0.43 ,0.09 ,0.01 
5439217212,3.29 ,3.65 ,4.05 ,7.00 ,5.63 ,5.93 ,6.45 ,7.41 ,8.49 ,7.48 ,6.89 ,7.30 ,8.43 ,2.18 ,1.82 ,3.19 ,2.44 ,1.53 ,0.69 ,0.14 ,0.01 
5439217213,0.90 ,1.00 ,1.11 ,5.00 ,2.64 ,2.78 ,3.02 ,3.47 ,3.98 ,3.51 ,3.23 ,3.42 ,3.95 ,4.90 ,4.10 ,2.39 ,1.83 ,1.15 ,0.51 ,0.11 ,0.01 
5439217221,0.90 ,1.00 ,1.11 ,3.00 ,1.85 ,1.94 ,2.12 ,2.43 ,2.79 ,2.45 ,2.26 ,2.39 ,2.77 ,9.26 ,7.74 ,3.59 ,2.74 ,1.72 ,0.77 ,0.16 ,0.02 
5439217222,1.20 ,1.33 ,1.47 ,2.00 ,1.41 ,1.48 ,1.61 ,1.85 ,2.12 ,1.87 ,1.72 ,1.82 ,2.11 ,5.45 ,4.55 ,0.40 ,0.30 ,0.19 ,0.09 ,0.02 ,0.00 
5439217223,5.69 ,6.31 ,7.00 ,8.00 ,4.48 ,4.72 ,5.14 ,5.90 ,6.77 ,5.96 ,5.49 ,5.81 ,6.72 ,3.27 ,2.73 ,2.79 ,2.13 ,1.34 ,0.60 ,0.13 ,0.01 
5439217224,4.19 ,4.65 ,5.16 ,6.00 ,7.91 ,8.33 ,9.07 ,10.42 ,11.94 ,10.52 ,9.69 ,10.26 ,11.86 ,15.25 ,12.75 ,7.17 ,5.48 ,3.45 ,1.54 ,0.32 ,0.03 
5439217231,2.10 ,2.33 ,2.58 ,6.00 ,6.59 ,6.95 ,7.55 ,8.68 ,9.95 ,8.77 ,8.08 ,8.55 ,9.88 ,1.63 ,1.37 ,0.80 ,0.61 ,0.38 ,0.17 ,0.04 ,0.00 
5439217234,6.89 ,7.64 ,8.47 ,6.00 ,6.59 ,6.95 ,7.55 ,8.68 ,9.95 ,8.77 ,8.08 ,8.55 ,9.88 ,3.27 ,2.73 ,6.38 ,4.87 ,3.06 ,1.37 ,0.29 ,0.03 
5439217242,1.80 ,1.99 ,2.21 ,1.00 ,3.96 ,4.17 ,4.53 ,5.21 ,5.97 ,5.26 ,4.85 ,5.13 ,5.93 ,9.80 ,8.20 ,2.79 ,2.13 ,1.34 ,0.60 ,0.13 ,0.01 
5439217311,2.69 ,2.99 ,3.32 ,3.00 ,3.43 ,3.61 ,3.93 ,4.51 ,5.18 ,4.56 ,4.20 ,4.45 ,5.14 ,0.54 ,0.46 ,1.99 ,1.52 ,0.96 ,0.43 ,0.09 ,0.01 
5439217312,2.69 ,2.99 ,3.32 ,0.00 ,2.37 ,2.50 ,2.72 ,3.13 ,3.58 ,3.16 ,2.91 ,3.08 ,3.56 ,5.99 ,5.01 ,2.39 ,1.83 ,1.15 ,0.51 ,0.11 ,0.01 
5439217313,8.08 ,8.97 ,9.95 ,5.00 ,8.26 ,8.70 ,9.47 ,10.88 ,12.48 ,10.99 ,10.12 ,10.72 ,12.38 ,11.44 ,9.56 ,6.38 ,4.87 ,3.06 ,1.37 ,0.29 ,0.03 
5439217314,8.68 ,9.63 ,10.68 ,6.00 ,7.30 ,7.69 ,8.36 ,9.61 ,11.02 ,9.70 ,8.94 ,9.46 ,10.93 ,9.26 ,7.74 ,11.16 ,8.53 ,5.36 ,2.40 ,0.51 ,0.05 
5439217321,0.90 ,1.00 ,1.11 ,3.00 ,5.01 ,5.28 ,5.74 ,6.60 ,7.57 ,6.66 ,6.14 ,6.50 ,7.51 ,0.54 ,0.46 ,0.80 ,0.61 ,0.38 ,0.17 ,0.04 ,0.00 
5439217322,4.19 ,4.65 ,5.16 ,8.00 ,5.01 ,5.28 ,5.74 ,6.60 ,7.57 ,6.66 ,6.14 ,6.50 ,7.51 ,2.72 ,2.28 ,0.80 ,0.61 ,0.38 ,0.17 ,0.04 ,0.00 
5439217323,12.57 ,13.95 ,15.47 ,16.00 ,16.70 ,17.59 ,19.14 ,21.99 ,25.22 ,22.21 ,20.46 ,21.66 ,25.03 ,16.89 ,14.11 ,7.17 ,5.48 ,3.45 ,1.54 ,0.32 ,0.03 
5439217324,15.27 ,16.94 ,18.79 ,19.00 ,17.75 ,18.71 ,20.35 ,23.38 ,26.81 ,23.61 ,21.75 ,23.03 ,26.61 ,20.15 ,16.85 ,7.57 ,5.78 ,3.64 ,1.63 ,0.34 ,0.04 
5439217331,20.96 ,23.26 ,25.79 ,3.00 ,9.49 ,10.00 ,10.88 ,12.50 ,14.33 ,12.62 ,11.63 ,12.31 ,14.23 ,13.07 ,10.93 ,1.99 ,1.52 ,0.96 ,0.43 ,0.09 ,0.01 
5439217332,4.79 ,5.32 ,5.89 ,5.00 ,5.98 ,6.30 ,6.85 ,7.87 ,9.02 ,7.95 ,7.32 ,7.75 ,8.96 ,6.54 ,5.46 ,2.39 ,1.83 ,1.15 ,0.51 ,0.11 ,0.01 
5439217333,5.09 ,5.65 ,6.26 ,5.00 ,3.25 ,3.43 ,3.73 ,4.28 ,4.91 ,4.33 ,3.98 ,4.22 ,4.87 ,4.90 ,4.10 ,2.79 ,2.13 ,1.34 ,0.60 ,0.13 ,0.01 
5439217334,8.68 ,9.63 ,10.68 ,15.00 ,10.81 ,11.39 ,12.39 ,14.24 ,16.32 ,14.38 ,13.24 ,14.02 ,16.20 ,17.43 ,14.57 ,9.16 ,7.00 ,4.40 ,1.97 ,0.42 ,0.04 
5439217341,5.99 ,6.64 ,7.37 ,15.00 ,8.70 ,9.17 ,9.97 ,11.46 ,13.14 ,11.57 ,10.66 ,11.29 ,13.04 ,11.98 ,10.02 ,7.57 ,5.78 ,3.64 ,1.63 ,0.34 ,0.04 
5439217342,18.26 ,20.27 ,22.47 ,14.00 ,17.58 ,18.52 ,20.14 ,23.15 ,26.54 ,23.38 ,21.53 ,22.80 ,26.35 ,30.50 ,25.50 ,13.55 ,10.35 ,6.51 ,2.91 ,0.61 ,0.06 
5439217343,7.19 ,7.97 ,8.84 ,10.00 ,9.40 ,9.91 ,10.78 ,12.38 ,14.20 ,12.51 ,11.52 ,12.20 ,14.10 ,24.51 ,20.49 ,13.95 ,10.66 ,6.70 ,3.00 ,0.63 ,0.07 
5439217344,14.07 ,15.62 ,17.31 ,5.00 ,11.43 ,12.04 ,13.09 ,15.05 ,17.25 ,15.20 ,14.00 ,14.82 ,17.13 ,15.25 ,12.75 ,9.56 ,7.31 ,4.60 ,2.06 ,0.43 ,0.04 
5439217411,4.49 ,4.98 ,5.53 ,6.00 ,5.80 ,6.11 ,6.65 ,7.64 ,8.76 ,7.72 ,7.11 ,7.52 ,8.70 ,9.26 ,7.74 ,0.80 ,0.61 ,0.38 ,0.17 ,0.04 ,0.00 
5439217412,3.29 ,3.65 ,4.05 ,6.00 ,7.21 ,7.59 ,8.26 ,9.49 ,10.88 ,9.59 ,8.83 ,9.35 ,10.80 ,18.52 ,15.48 ,4.38 ,3.35 ,2.11 ,0.94 ,0.20 ,0.02 
5439217413,16.17 ,17.94 ,19.89 ,17.00 ,18.55 ,19.54 ,21.25 ,24.42 ,28.00 ,24.66 ,22.72 ,24.06 ,27.80 ,11.98 ,10.02 ,7.97 ,6.09 ,3.83 ,1.71 ,0.36 ,0.04 
5439217414,5.99 ,6.64 ,7.37 ,8.00 ,9.49 ,10.00 ,10.88 ,12.50 ,14.33 ,12.62 ,11.63 ,12.31 ,14.23 ,10.89 ,9.11 ,9.96 ,7.61 ,4.79 ,2.14 ,0.45 ,0.05 
5439217421,10.18 ,11.30 ,12.52 ,15.00 ,17.84 ,18.80 ,20.45 ,23.50 ,26.94 ,23.73 ,21.86 ,23.14 ,26.74 ,9.26 ,7.74 ,3.59 ,2.74 ,1.72 ,0.77 ,0.16 ,0.02 
5439217422,13.47 ,14.95 ,16.58 ,2.00 ,9.40 ,9.91 ,10.78 ,12.38 ,14.20 ,12.51 ,11.52 ,12.20 ,14.10 ,11.44 ,9.56 ,47.41 ,36.23 ,22.78 ,10.20 ,2.15 ,0.22 
5439217423,14.67 ,16.28 ,18.05 ,12.00 ,18.81 ,19.82 ,21.55 ,24.77 ,28.40 ,25.02 ,23.04 ,24.40 ,28.19 ,20.15 ,16.85 ,8.77 ,6.70 ,4.21 ,1.89 ,0.40 ,0.04 
5439217424,8.38 ,9.30 ,10.31 ,12.00 ,12.83 ,13.52 ,14.71 ,16.90 ,19.38 ,17.07 ,15.72 ,16.65 ,19.23 ,23.42 ,19.58 ,9.56 ,7.31 ,4.60 ,2.06 ,0.43 ,0.04 
5439217431,11.98 ,13.29 ,14.73 ,11.00 ,15.56 ,16.39 ,17.83 ,20.49 ,23.49 ,20.69 ,19.06 ,20.18 ,23.32 ,20.70 ,17.30 ,7.57 ,5.78 ,3.64 ,1.63 ,0.34 ,0.04 
5439217432,14.97 ,16.61 ,18.42 ,23.00 ,18.81 ,19.82 ,21.55 ,24.77 ,28.40 ,25.02 ,23.04 ,24.40 ,28.19 ,27.78 ,23.22 ,19.52 ,14.92 ,9.38 ,4.20 ,0.88 ,0.09 
5439217433,12.57 ,13.95 ,15.47 ,3.00 ,11.87 ,12.50 ,13.60 ,15.63 ,17.92 ,15.78 ,14.54 ,15.39 ,17.79 ,19.06 ,15.94 ,9.16 ,7.00 ,4.40 ,1.97 ,0.42 ,0.04 
5439217434,6.59 ,7.31 ,8.10 ,15.00 ,16.70 ,17.59 ,19.14 ,21.99 ,25.22 ,22.21 ,20.46 ,21.66 ,25.03 ,26.69 ,22.31 ,22.71 ,17.35 ,10.91 ,4.89 ,1.03 ,0.11 
5439217441,14.67 ,16.28 ,18.05 ,15.00 ,18.72 ,19.72 ,21.45 ,24.65 ,28.27 ,24.90 ,22.93 ,24.28 ,28.06 ,25.06 ,20.94 ,11.16 ,8.53 ,5.36 ,2.40 ,0.51 ,0.05 
5439217442,9.28 ,10.30 ,11.42 ,26.00 ,17.58 ,18.52 ,20.14 ,23.15 ,26.54 ,23.38 ,21.53 ,22.80 ,26.35 ,38.13 ,31.87 ,13.55 ,10.35 ,6.51 ,2.91 ,0.61 ,0.06 
5439217443,13.77 ,15.28 ,16.94 ,21.00 ,17.75 ,18.71 ,20.35 ,23.38 ,26.81 ,23.61 ,21.75 ,23.03 ,26.61 ,42.49 ,35.51 ,25.50 ,19.49 ,12.25 ,5.49 ,1.15 ,0.12 
5439217444,7.19 ,7.97 ,8.84 ,9.00 ,19.42 ,20.47 ,22.26 ,25.58 ,29.33 ,25.83 ,23.79 ,25.20 ,29.12 ,23.97 ,20.03 ,14.34 ,10.96 ,6.89 ,3.09 ,0.65 ,0.07 
5439217512,1.80 ,1.99 ,2.21 ,3.00 ,3.87 ,4.07 ,4.43 ,5.09 ,5.84 ,5.14 ,4.74 ,5.02 ,5.80 ,15.25 ,12.75 ,14.34 ,10.96 ,6.89 ,3.09 ,0.65 ,0.07 
5439217513,4.19 ,4.65 ,5.16 ,3.00 ,4.57 ,4.82 ,5.24 ,6.02 ,6.90 ,6.08 ,5.60 ,5.93 ,6.85 ,8.17 ,6.83 ,3.59 ,2.74 ,1.72 ,0.77 ,0.16 ,0.02 
5439217514,4.79 ,5.32 ,5.89 ,6.00 ,9.58 ,10.09 ,10.98 ,12.62 ,14.47 ,12.74 ,11.74 ,12.43 ,14.36 ,8.17 ,6.83 ,3.98 ,3.04 ,1.91 ,0.86 ,0.18 ,0.02 
5439217521,11.98 ,13.29 ,14.73 ,27.00 ,20.22 ,21.30 ,23.17 ,26.62 ,30.53 ,26.89 ,24.76 ,26.22 ,30.30 ,29.96 ,25.04 ,6.38 ,4.87 ,3.06 ,1.37 ,0.29 ,0.03 
5439217522,7.78 ,8.64 ,9.58 ,10.00 ,7.38 ,7.78 ,8.46 ,9.72 ,11.15 ,9.82 ,9.04 ,9.58 ,11.07 ,5.99 ,5.01 ,2.39 ,1.83 ,1.15 ,0.51 ,0.11 ,0.01 
5439217523,4.19 ,4.65 ,5.16 ,17.00 ,10.37 ,10.93 ,11.89 ,13.66 ,15.66 ,13.79 ,12.70 ,13.45 ,15.55 ,6.54 ,5.46 ,2.79 ,2.13 ,1.34 ,0.60 ,0.13 ,0.01 
5439217524,13.17 ,14.62 ,16.21 ,14.00 ,14.06 ,14.82 ,16.12 ,18.52 ,21.24 ,18.70 ,17.23 ,18.24 ,21.08 ,5.45 ,4.55 ,5.18 ,3.96 ,2.49 ,1.11 ,0.23 ,0.02 
5439217531,11.68 ,12.96 ,14.37 ,14.00 ,19.69 ,20.74 ,22.56 ,25.93 ,29.73 ,26.18 ,24.12 ,25.54 ,29.51 ,25.06 ,20.94 ,17.53 ,13.40 ,8.42 ,3.77 ,0.79 ,0.08 
5439217532,12.87 ,14.29 ,15.84 ,13.00 ,12.31 ,12.96 ,14.10 ,16.20 ,18.58 ,16.37 ,15.07 ,15.96 ,18.44 ,12.53 ,10.47 ,7.97 ,6.09 ,3.83 ,1.71 ,0.36 ,0.04 
5439217533,11.68 ,12.96 ,14.37 ,22.00 ,17.67 ,18.61 ,20.25 ,23.26 ,26.68 ,23.50 ,21.64 ,22.92 ,26.48 ,26.15 ,21.85 ,23.91 ,18.27 ,11.49 ,5.14 ,1.08 ,0.11 
5439217534,12.28 ,13.62 ,15.10 ,17.00 ,16.00 ,16.85 ,18.33 ,21.07 ,24.15 ,21.27 ,19.60 ,20.75 ,23.98 ,18.52 ,15.48 ,9.96 ,7.61 ,4.79 ,2.14 ,0.45 ,0.05 
5439217541,17.36 ,19.27 ,21.37 ,20.00 ,21.09 ,22.23 ,24.17 ,27.78 ,31.85 ,28.05 ,25.84 ,27.36 ,31.62 ,24.51 ,20.49 ,17.53 ,13.40 ,8.42 ,3.77 ,0.79 ,0.08 
5439217542,14.97 ,16.61 ,18.42 ,15.00 ,20.66 ,21.76 ,23.67 ,27.20 ,31.19 ,27.47 ,25.30 ,26.79 ,30.96 ,31.05 ,25.95 ,15.14 ,11.57 ,7.28 ,3.26 ,0.69 ,0.07 
5439217543,24.25 ,26.91 ,29.84 ,25.00 ,35.77 ,37.69 ,40.99 ,47.11 ,54.02 ,47.58 ,43.82 ,46.40 ,53.62 ,45.76 ,38.24 ,15.94 ,12.18 ,7.66 ,3.43 ,0.72 ,0.07 
5439217544,9.28 ,10.30 ,11.42 ,9.00 ,11.60 ,12.22 ,13.30 ,15.28 ,17.52 ,15.43 ,14.21 ,15.05 ,17.39 ,18.52 ,15.48 ,11.95 ,9.13 ,5.74 ,2.57 ,0.54 ,0.06 
5439217611,1.80 ,1.99 ,2.21 ,5.00 ,3.25 ,3.43 ,3.73 ,4.28 ,4.91 ,4.33 ,3.98 ,4.22 ,4.87 ,5.45 ,4.55 ,0.00 ,0.00 ,0.00 ,0.00 ,0.00 ,0.00 
5439217612,2.69 ,2.99 ,3.32 ,3.00 ,3.96 ,4.17 ,4.53 ,5.21 ,5.97 ,5.26 ,4.85 ,5.13 ,5.93 ,10.89 ,9.11 ,7.17 ,5.48 ,3.45 ,1.54 ,0.32 ,0.03 
5439217613,21.86 ,24.25 ,26.89 ,38.00 ,20.92 ,22.04 ,23.97 ,27.55 ,31.59 ,27.82 ,25.63 ,27.13 ,31.35 ,19.06 ,15.94 ,8.37 ,6.39 ,4.02 ,1.80 ,0.38 ,0.04 
5439217614,12.57 ,13.95 ,15.47 ,18.00 ,13.18 ,13.89 ,15.11 ,17.36 ,19.91 ,17.53 ,16.15 ,17.10 ,19.76 ,13.62 ,11.38 ,6.77 ,5.18 ,3.25 ,1.46 ,0.31 ,0.03 
5439217621,0.90 ,1.00 ,1.11 ,1.00 ,1.14 ,1.20 ,1.31 ,1.50 ,1.73 ,1.52 ,1.40 ,1.48 ,1.71 ,1.09 ,0.91 ,7.57 ,5.78 ,3.64 ,1.63 ,0.34 ,0.04 
5439217622,5.39 ,5.98 ,6.63 ,5.00 ,6.15 ,6.48 ,7.05 ,8.10 ,9.29 ,8.18 ,7.54 ,7.98 ,9.22 ,18.52 ,15.48 ,8.77 ,6.70 ,4.21 ,1.89 ,0.40 ,0.04 
5439217623,0.30 ,0.33 ,0.37 ,0.00 ,0.88 ,0.93 ,1.01 ,1.16 ,1.33 ,1.17 ,1.08 ,1.14 ,1.32 ,1.63 ,1.37 ,0.00 ,0.00 ,0.00 ,0.00 ,0.00 ,0.00 
5439217624,2.69 ,2.99 ,3.32 ,8.00 ,4.57 ,4.82 ,5.24 ,6.02 ,6.90 ,6.08 ,5.60 ,5.93 ,6.85 ,8.17 ,6.83 ,3.59 ,2.74 ,1.72 ,0.77 ,0.16 ,0.02 
5439217631,14.67 ,16.28 ,18.05 ,17.00 ,16.70 ,17.59 ,19.14 ,21.99 ,25.22 ,22.21 ,20.46 ,21.66 ,25.03 ,25.60 ,21.40 ,15.94 ,12.18 ,7.66 ,3.43 ,0.72 ,0.07 
5439217632,10.48 ,11.63 ,12.89 ,23.00 ,12.83 ,13.52 ,14.71 ,16.90 ,19.38 ,17.07 ,15.72 ,16.65 ,19.23 ,11.44 ,9.56 ,5.58 ,4.26 ,2.68 ,1.20 ,0.25 ,0.03 
5439217633,7.19 ,7.97 ,8.84 ,14.00 ,10.11 ,10.65 ,11.58 ,13.31 ,15.26 ,13.44 ,12.38 ,13.11 ,15.15 ,21.24 ,17.76 ,11.16 ,8.53 ,5.36 ,2.40 ,0.51 ,0.05 
5439217634,9.88 ,10.96 ,12.16 ,6.00 ,14.94 ,15.74 ,17.12 ,19.68 ,22.56 ,19.87 ,18.30 ,19.38 ,22.40 ,23.97 ,20.03 ,29.48 ,22.53 ,14.17 ,6.34 ,1.34 ,0.14 
5439217641,1.50 ,1.66 ,1.84 ,2.00 ,1.32 ,1.39 ,1.51 ,1.74 ,1.99 ,1.75 ,1.62 ,1.71 ,1.98 ,5.45 ,4.55 ,0.80 ,0.61 ,0.38 ,0.17 ,0.04 ,0.00 
5439217642,3.59 ,3.99 ,4.42 ,1.00 ,2.99 ,3.15 ,3.42 ,3.94 ,4.51 ,3.97 ,3.66 ,3.88 ,4.48 ,4.36 ,3.64 ,3.19 ,2.44 ,1.53 ,0.69 ,0.14 ,0.01 
5439217643,3.29 ,3.65 ,4.05 ,1.00 ,5.27 ,5.56 ,6.04 ,6.94 ,7.96 ,7.01 ,6.46 ,6.84 ,7.90 ,10.89 ,9.11 ,3.98 ,3.04 ,1.91 ,0.86 ,0.18 ,0.02 
5439217644,0.90 ,1.00 ,1.11 ,3.00 ,1.41 ,1.48 ,1.61 ,1.85 ,2.12 ,1.87 ,1.72 ,1.82 ,2.11 ,2.18 ,1.82 ,3.59 ,2.74 ,1.72 ,0.77 ,0.16 ,0.02 
5439217711,0.00 ,0.00 ,0.00 ,0.00 ,1.41 ,1.48 ,1.61 ,1.85 ,2.12 ,1.87 ,1.72 ,1.82 ,2.11 ,2.18 ,1.82 ,1.59 ,1.22 ,0.77 ,0.34 ,0.07 ,0.01 
5439217713,1.80 ,1.99 ,2.21 ,0.00 ,1.58 ,1.67 ,1.81 ,2.08 ,2.39 ,2.10 ,1.94 ,2.05 ,2.37 ,3.27 ,2.73 ,0.80 ,0.61 ,0.38 ,0.17 ,0.04 ,0.00 
5439217733,0.60 ,0.66 ,0.74 ,0.00 ,0.70 ,0.74 ,0.81 ,0.93 ,1.06 ,0.94 ,0.86 ,0.91 ,1.05 ,1.09 ,0.91 ,1.59 ,1.22 ,0.77 ,0.34 ,0.07 ,0.01 
5439217734,0.60 ,0.66 ,0.74 ,0.00 ,0.62 ,0.65 ,0.71 ,0.81 ,0.93 ,0.82 ,0.75 ,0.80 ,0.92 ,0.00 ,0.00 ,0.80 ,0.61 ,0.38 ,0.17 ,0.04 ,0.00 
5439217742,1.20 ,1.33 ,1.47 ,4.00 ,1.67 ,1.76 ,1.91 ,2.20 ,2.52 ,2.22 ,2.05 ,2.17 ,2.50 ,3.81 ,3.19 ,2.79 ,2.13 ,1.34 ,0.60 ,0.13 ,0.01 
5439217743,0.30 ,0.33 ,0.37 ,1.00 ,0.70 ,0.74 ,0.81 ,0.93 ,1.06 ,0.94 ,0.86 ,0.91 ,1.05 ,1.09 ,0.91 ,0.80 ,0.61 ,0.38 ,0.17 ,0.04 ,0.00 
5439217744,1.50 ,1.66 ,1.84 ,0.00 ,3.08 ,3.24 ,3.53 ,4.05 ,4.65 ,4.09 ,3.77 ,3.99 ,4.61 ,3.27 ,2.73 ,3.59 ,2.74 ,1.72 ,0.77 ,0.16 ,0.02 
5439217821,0.00 ,0.00 ,0.00 ,6.00 ,2.37 ,2.50 ,2.72 ,3.13 ,3.58 ,3.16 ,2.91 ,3.08 ,3.56 ,4.36 ,3.64 ,3.59 ,2.74 ,1.72 ,0.77 ,0.16 ,0.02 
5439217822,0.00 ,0.00 ,0.00 ,0.00 ,0.70 ,0.74 ,0.81 ,0.93 ,1.06 ,0.94 ,0.86 ,0.91 ,1.05 ,0.54 ,0.46 ,1.99 ,1.52 ,0.96 ,0.43 ,0.09 ,0.01 
5439217823,0.30 ,0.33 ,0.37 ,1.00 ,4.39 ,4.63 ,5.04 ,5.79 ,6.64 ,5.84 ,5.38 ,5.70 ,6.59 ,10.89 ,9.11 ,5.98 ,4.57 ,2.87 ,1.29 ,0.27 ,0.03 
5439217824,3.29 ,3.65 ,4.05 ,6.00 ,3.52 ,3.70 ,4.03 ,4.63 ,5.31 ,4.68 ,4.31 ,4.56 ,5.27 ,7.08 ,5.92 ,4.38 ,3.35 ,2.11 ,0.94 ,0.20 ,0.02 
5439217833,0.90 ,1.00 ,1.11 ,0.00 ,1.41 ,1.48 ,1.61 ,1.85 ,2.12 ,1.87 ,1.72 ,1.82 ,2.11 ,3.27 ,2.73 ,4.38 ,3.35 ,2.11 ,0.94 ,0.20 ,0.02 
5439217841,0.90 ,1.00 ,1.11 ,1.00 ,2.37 ,2.50 ,2.72 ,3.13 ,3.58 ,3.16 ,2.91 ,3.08 ,3.56 ,6.54 ,5.46 ,3.59 ,2.74 ,1.72 ,0.77 ,0.16 ,0.02 
5439217842,1.20 ,1.33 ,1.47 ,3.00 ,2.46 ,2.59 ,2.82 ,3.24 ,3.72 ,3.27 ,3.01 ,3.19 ,3.69 ,4.90 ,4.10 ,2.79 ,2.13 ,1.34 ,0.60 ,0.13 ,0.01 
5439217843,1.20 ,1.33 ,1.47 ,4.00 ,0.97 ,1.02 ,1.11 ,1.27 ,1.46 ,1.29 ,1.18 ,1.25 ,1.45 ,1.63 ,1.37 ,3.98 ,3.04 ,1.91 ,0.86 ,0.18 ,0.02 
5439217844,0.00 ,0.00 ,0.00 ,2.00 ,0.88 ,0.93 ,1.01 ,1.16 ,1.33 ,1.17 ,1.08 ,1.14 ,1.32 ,1.09 ,0.91 ,1.59 ,1.22 ,0.77 ,0.34 ,0.07 ,0.01 
5439217914,0.00 ,0.00 ,0.00 ,0.00 ,0.79 ,0.83 ,0.91 ,1.04 ,1.19 ,1.05 ,0.97 ,1.03 ,1.19 ,1.63 ,1.37 ,2.39 ,1.83 ,1.15 ,0.51 ,0.11 ,0.01 
5439217923,1.80 ,1.99 ,2.21 ,6.00 ,3.34 ,3.52 ,3.83 ,4.40 ,5.04 ,4.44 ,4.09 ,4.33 ,5.01 ,6.54 ,5.46 ,1.99 ,1.52 ,0.96 ,0.43 ,0.09 ,0.01 
5439217931,0.60 ,0.66 ,0.74 ,0.00 ,0.53 ,0.56 ,0.60 ,0.69 ,0.80 ,0.70 ,0.65 ,0.68 ,0.79 ,3.27 ,2.73 ,0.40 ,0.30 ,0.19 ,0.09 ,0.02 ,0.00 
5439217932,1.50 ,1.66 ,1.84 ,5.00 ,3.25 ,3.43 ,3.73 ,4.28 ,4.91 ,4.33 ,3.98 ,4.22 ,4.87 ,8.72 ,7.28 ,5.58 ,4.26 ,2.68 ,1.20 ,0.25 ,0.03 
5439217934,4.49 ,4.98 ,5.53 ,3.00 ,3.60 ,3.80 ,4.13 ,4.75 ,5.44 ,4.79 ,4.41 ,4.67 ,5.40 ,9.26 ,7.74 ,3.98 ,3.04 ,1.91 ,0.86 ,0.18 ,0.02 
5439217941,0.60 ,0.66 ,0.74 ,1.00 ,1.14 ,1.20 ,1.31 ,1.50 ,1.73 ,1.52 ,1.40 ,1.48 ,1.71 ,4.36 ,3.64 ,1.99 ,1.52 ,0.96 ,0.43 ,0.09 ,0.01 
5439217943,0.00 ,0.00 ,0.00 ,1.00 ,0.53 ,0.56 ,0.60 ,0.69 ,0.80 ,0.70 ,0.65 ,0.68 ,0.79 ,0.54 ,0.46 ,1.59 ,1.22 ,0.77 ,0.34 ,0.07 ,0.01 
5439218244,21.86 ,24.25 ,26.89 ,17.00 ,19.34 ,20.37 ,22.16 ,25.46 ,29.20 ,25.72 ,23.69 ,25.08 ,28.98 ,33.23 ,27.77 ,6.38 ,4.87 ,3.06 ,1.37 ,0.29 ,0.03 
5439218311,0.90 ,1.00 ,1.11 ,1.00 ,0.97 ,1.02 ,1.11 ,1.27 ,1.46 ,1.29 ,1.18 ,1.25 ,1.45 ,7.08 ,5.92 ,0.80 ,0.61 ,0.38 ,0.17 ,0.04 ,0.00 
5439218312,16.17 ,17.94 ,19.89 ,38.00 ,21.45 ,22.60 ,24.58 ,28.24 ,32.38 ,28.52 ,26.27 ,27.82 ,32.15 ,48.48 ,40.52 ,9.16 ,7.00 ,4.40 ,1.97 ,0.42 ,0.04 
5439218314,13.77 ,15.28 ,16.94 ,21.00 ,20.30 ,21.39 ,23.27 ,26.74 ,30.66 ,27.00 ,24.87 ,26.34 ,30.43 ,29.41 ,24.59 ,13.15 ,10.05 ,6.32 ,2.83 ,0.60 ,0.06 
5439218321,18.26 ,20.27 ,22.47 ,21.00 ,18.28 ,19.26 ,20.95 ,24.07 ,27.61 ,24.31 ,22.40 ,23.71 ,27.40 ,34.86 ,29.14 ,20.72 ,15.83 ,9.96 ,4.46 ,0.94 ,0.10 
5439218322,13.17 ,14.62 ,16.21 ,18.00 ,19.86 ,20.93 ,22.76 ,26.16 ,29.99 ,26.42 ,24.33 ,25.77 ,29.77 ,39.76 ,33.24 ,28.69 ,21.92 ,13.79 ,6.17 ,1.30 ,0.13 
5439218323,10.48 ,11.63 ,12.89 ,15.00 ,13.71 ,14.45 ,15.71 ,18.06 ,20.70 ,18.24 ,16.80 ,17.79 ,20.55 ,27.78 ,23.22 ,11.95 ,9.13 ,5.74 ,2.57 ,0.54 ,0.06 
5439218324,17.66 ,19.60 ,21.73 ,25.00 ,21.80 ,22.97 ,24.98 ,28.70 ,32.91 ,28.99 ,26.70 ,28.27 ,32.67 ,41.94 ,35.06 ,30.68 ,23.44 ,14.74 ,6.60 ,1.39 ,0.14 
5439218331,14.97 ,16.61 ,18.42 ,8.00 ,12.04 ,12.69 ,13.80 ,15.86 ,18.18 ,16.01 ,14.75 ,15.62 ,18.05 ,7.63 ,6.37 ,3.98 ,3.04 ,1.91 ,0.86 ,0.18 ,0.02 
5439218332,3.89 ,4.32 ,4.79 ,13.00 ,10.02 ,10.56 ,11.48 ,13.19 ,15.13 ,13.33 ,12.27 ,13.00 ,15.02 ,13.62 ,11.38 ,6.38 ,4.87 ,3.06 ,1.37 ,0.29 ,0.03 
5439218333,25.15 ,27.91 ,30.94 ,29.00 ,25.40 ,26.76 ,29.11 ,33.45 ,38.36 ,33.78 ,31.12 ,32.95 ,38.07 ,27.78 ,23.22 ,20.72 ,15.83 ,9.96 ,4.46 ,0.94 ,0.10 
5439218334,5.69 ,6.31 ,7.00 ,19.00 ,14.59 ,15.37 ,16.72 ,19.21 ,22.03 ,19.40 ,17.87 ,18.93 ,21.87 ,26.69 ,22.31 ,17.13 ,13.09 ,8.23 ,3.69 ,0.78 ,0.08 
5439218341,5.69 ,6.31 ,7.00 ,12.00 ,11.87 ,12.50 ,13.60 ,15.63 ,17.92 ,15.78 ,14.54 ,15.39 ,17.79 ,26.15 ,21.85 ,9.96 ,7.61 ,4.79 ,2.14 ,0.45 ,0.05 
5439218342,16.47 ,18.27 ,20.26 ,17.00 ,16.17 ,17.04 ,18.53 ,21.30 ,24.42 ,21.51 ,19.81 ,20.98 ,24.24 ,28.87 ,24.13 ,9.96 ,7.61 ,4.79 ,2.14 ,0.45 ,0.05 
5439218343,13.77 ,15.28 ,16.94 ,19.00 ,19.25 ,20.28 ,22.06 ,25.35 ,29.07 ,25.60 ,23.58 ,24.97 ,28.85 ,38.67 ,32.33 ,20.32 ,15.53 ,9.76 ,4.37 ,0.92 ,0.10 
5439218344,7.48 ,8.31 ,9.21 ,11.00 ,10.72 ,11.30 ,12.29 ,14.12 ,16.19 ,14.26 ,13.14 ,13.91 ,16.07 ,21.24 ,17.76 ,14.74 ,11.27 ,7.08 ,3.17 ,0.67 ,0.07 
5439218411,8.38 ,9.30 ,10.31 ,17.00 ,16.17 ,17.04 ,18.53 ,21.30 ,24.42 ,21.51 ,19.81 ,20.98 ,24.24 ,18.52 ,15.48 ,11.95 ,9.13 ,5.74 ,2.57 ,0.54 ,0.06 
5439218412,4.19 ,4.65 ,5.16 ,6.00 ,7.30 ,7.69 ,8.36 ,9.61 ,11.02 ,9.70 ,8.94 ,9.46 ,10.93 ,16.89 ,14.11 ,9.56 ,7.31 ,4.60 ,2.06 ,0.43 ,0.04 
5439218413,19.16 ,21.26 ,23.58 ,28.00 ,22.15 ,23.34 ,25.38 ,29.17 ,33.45 ,29.46 ,27.13 ,28.73 ,33.20 ,31.05 ,25.95 ,17.53 ,13.40 ,8.42 ,3.77 ,0.79 ,0.08 
5439218414,11.08 ,12.29 ,13.63 ,23.00 ,16.17 ,17.04 ,18.53 ,21.30 ,24.42 ,21.51 ,19.81 ,20.98 ,24.24 ,28.87 ,24.13 ,21.12 ,16.14 ,10.15 ,4.54 ,0.96 ,0.10 
5439218421,15.57 ,17.28 ,19.16 ,17.00 ,17.58 ,18.52 ,20.14 ,23.15 ,26.54 ,23.38 ,21.53 ,22.80 ,26.35 ,23.97 ,20.03 ,21.52 ,16.44 ,10.34 ,4.63 ,0.97 ,0.10 
5439218422,14.97 ,16.61 ,18.42 ,23.00 ,29.44 ,31.02 ,33.74 ,38.77 ,44.46 ,39.16 ,36.07 ,38.19 ,44.13 ,30.50 ,25.50 ,14.74 ,11.27 ,7.08 ,3.17 ,0.67 ,0.07 
5439218423,6.29 ,6.98 ,7.74 ,10.00 ,9.14 ,9.63 ,10.48 ,12.04 ,13.80 ,12.16 ,11.20 ,11.86 ,13.70 ,11.98 ,10.02 ,15.54 ,11.87 ,7.47 ,3.34 ,0.70 ,0.07 
5439218424,13.17 ,14.62 ,16.21 ,10.00 ,24.17 ,25.47 ,27.70 ,31.83 ,36.50 ,32.15 ,29.61 ,31.35 ,36.23 ,28.32 ,23.68 ,15.54 ,11.87 ,7.47 ,3.34 ,0.70 ,0.07 
5439218431,10.18 ,11.30 ,12.52 ,15.00 ,15.12 ,15.93 ,17.32 ,19.91 ,22.83 ,20.11 ,18.52 ,19.61 ,22.66 ,27.78 ,23.22 ,24.70 ,18.88 ,11.87 ,5.31 ,1.12 ,0.12 
5439218432,10.18 ,11.30 ,12.52 ,15.00 ,15.65 ,16.48 ,17.93 ,20.60 ,23.62 ,20.81 ,19.17 ,20.29 ,23.45 ,30.50 ,25.50 ,26.30 ,20.09 ,12.64 ,5.66 ,1.19 ,0.12 
5439218433,19.76 ,21.93 ,24.31 ,14.00 ,23.29 ,24.54 ,26.69 ,30.67 ,35.17 ,30.98 ,28.53 ,30.21 ,34.91 ,27.24 ,22.76 ,29.09 ,22.23 ,13.98 ,6.26 ,1.32 ,0.14 
5439218434,10.48 ,11.63 ,12.89 ,15.00 ,16.70 ,17.59 ,19.14 ,21.99 ,25.22 ,22.21 ,20.46 ,21.66 ,25.03 ,32.68 ,27.32 ,26.70 ,20.40 ,12.83 ,5.74 ,1.21 ,0.13 
5439218441,6.89 ,7.64 ,8.47 ,14.00 ,21.80 ,22.97 ,24.98 ,28.70 ,32.91 ,28.99 ,26.70 ,28.27 ,32.67 ,37.04 ,30.96 ,22.71 ,17.35 ,10.91 ,4.89 ,1.03 ,0.11 
5439218442,6.29 ,6.98 ,7.74 ,7.00 ,12.48 ,13.15 ,14.30 ,16.44 ,18.85 ,16.60 ,15.29 ,16.19 ,18.71 ,34.32 ,28.68 ,33.47 ,25.58 ,16.08 ,7.20 ,1.52 ,0.16 
5439218443,11.08 ,12.29 ,13.63 ,6.00 ,10.11 ,10.65 ,11.58 ,13.31 ,15.26 ,13.44 ,12.38 ,13.11 ,15.15 ,38.13 ,31.87 ,87.66 ,66.98 ,42.12 ,18.86 ,3.97 ,0.41 
5439218444,4.79 ,5.32 ,5.89 ,8.00 ,11.16 ,11.76 ,12.79 ,14.70 ,16.86 ,14.85 ,13.67 ,14.48 ,16.73 ,32.14 ,26.86 ,23.91 ,18.27 ,11.49 ,5.14 ,1.08 ,0.11 
5439218511,8.08 ,8.97 ,9.95 ,25.00 ,21.80 ,22.97 ,24.98 ,28.70 ,32.91 ,28.99 ,26.70 ,28.27 ,32.67 ,21.24 ,17.76 ,21.52 ,16.44 ,10.34 ,4.63 ,0.97 ,0.10 
5439218512,13.77 ,15.28 ,16.94 ,29.00 ,18.28 ,19.26 ,20.95 ,24.07 ,27.61 ,24.31 ,22.40 ,23.71 ,27.40 ,24.51 ,20.49 ,13.55 ,10.35 ,6.51 ,2.91 ,0.61 ,0.06 
5439218513,9.28 ,10.30 ,11.42 ,145.00 ,13.01 ,13.71 ,14.91 ,17.13 ,19.64 ,17.30 ,15.94 ,16.87 ,19.50 ,16.34 ,13.66 ,10.76 ,8.22 ,5.17 ,2.31 ,0.49 ,0.05 
5439218514,9.28 ,10.30 ,11.42 ,13.00 ,13.36 ,14.08 ,15.31 ,17.59 ,20.17 ,17.77 ,16.37 ,17.33 ,20.02 ,22.88 ,19.12 ,13.15 ,10.05 ,6.32 ,2.83 ,0.60 ,0.06 
5439218521,14.97 ,16.61 ,18.42 ,30.00 ,32.43 ,34.17 ,37.17 ,42.71 ,48.97 ,43.13 ,39.73 ,42.07 ,48.61 ,26.15 ,21.85 ,24.70 ,18.88 ,11.87 ,5.31 ,1.12 ,0.12 
5439218522,10.18 ,11.30 ,12.52 ,22.00 ,18.81 ,19.82 ,21.55 ,24.77 ,28.40 ,25.02 ,23.04 ,24.40 ,28.19 ,32.14 ,26.86 ,14.74 ,11.27 ,7.08 ,3.17 ,0.67 ,0.07 
5439218523,9.28 ,10.30 ,11.42 ,26.00 ,24.35 ,25.65 ,27.90 ,32.06 ,36.76 ,32.38 ,29.82 ,31.58 ,36.49 ,30.50 ,25.50 ,29.48 ,22.53 ,14.17 ,6.34 ,1.34 ,0.14 
5439218524,8.08 ,8.97 ,9.95 ,20.00 ,16.52 ,17.41 ,18.94 ,21.76 ,24.95 ,21.98 ,20.24 ,21.43 ,24.77 ,37.58 ,31.42 ,17.13 ,13.09 ,8.23 ,3.69 ,0.78 ,0.08 
5439218531,5.99 ,6.64 ,7.37 ,13.00 ,10.46 ,11.02 ,11.99 ,13.77 ,15.79 ,13.91 ,12.81 ,13.57 ,15.68 ,29.96 ,25.04 ,37.45 ,28.62 ,18.00 ,8.06 ,1.70 ,0.18 
5439218532,9.28 ,10.30 ,11.42 ,21.00 ,14.50 ,15.28 ,16.62 ,19.10 ,21.90 ,19.29 ,17.77 ,18.81 ,21.74 ,23.97 ,20.03 ,11.95 ,9.13 ,5.74 ,2.57 ,0.54 ,0.06 
5439218533,11.98 ,13.29 ,14.73 ,17.00 ,22.76 ,23.98 ,26.09 ,29.98 ,34.37 ,30.28 ,27.89 ,29.53 ,34.12 ,41.94 ,35.06 ,29.09 ,22.23 ,13.98 ,6.26 ,1.32 ,0.14 
5439218534,8.38 ,9.30 ,10.31 ,9.00 ,11.16 ,11.76 ,12.79 ,14.70 ,16.86 ,14.85 ,13.67 ,14.48 ,16.73 ,34.32 ,28.68 ,25.90 ,19.79 ,12.44 ,5.57 ,1.17 ,0.12 
5439218541,8.08 ,8.97 ,9.95 ,24.00 ,15.82 ,16.67 ,18.13 ,20.83 ,23.89 ,21.04 ,19.38 ,20.52 ,23.71 ,27.24 ,22.76 ,19.92 ,15.22 ,9.57 ,4.29 ,0.90 ,0.09 
5439218542,10.18 ,11.30 ,12.52 ,14.00 ,12.48 ,13.15 ,14.30 ,16.44 ,18.85 ,16.60 ,15.29 ,16.19 ,18.71 ,15.25 ,12.75 ,11.16 ,8.53 ,5.36 ,2.40 ,0.51 ,0.05 
5439218543,12.57 ,13.95 ,15.47 ,21.00 ,16.35 ,17.22 ,18.73 ,21.53 ,24.69 ,21.74 ,20.03 ,21.21 ,24.50 ,23.97 ,20.03 ,18.33 ,14.01 ,8.81 ,3.94 ,0.83 ,0.09 
5439218544,11.08 ,12.29 ,13.63 ,24.00 ,17.40 ,18.34 ,19.94 ,22.92 ,26.28 ,23.15 ,21.32 ,22.57 ,26.09 ,12.53 ,10.47 ,5.18 ,3.96 ,2.49 ,1.11 ,0.23 ,0.02 
5439218611,29.34 ,32.56 ,36.10 ,54.00 ,36.48 ,38.43 ,41.80 ,48.03 ,55.08 ,48.51 ,44.68 ,47.31 ,54.67 ,40.85 ,34.15 ,27.49 ,21.01 ,13.21 ,5.91 ,1.25 ,0.13 
5439218612,11.38 ,12.63 ,14.00 ,22.00 ,14.33 ,15.09 ,16.42 ,18.87 ,21.63 ,19.05 ,17.55 ,18.58 ,21.47 ,23.97 ,20.03 ,8.37 ,6.39 ,4.02 ,1.80 ,0.38 ,0.04 
5439218613,14.07 ,15.62 ,17.31 ,27.00 ,15.56 ,16.39 ,17.83 ,20.49 ,23.49 ,20.69 ,19.06 ,20.18 ,23.32 ,29.96 ,25.04 ,12.75 ,9.74 ,6.13 ,2.74 ,0.58 ,0.06 
5439218614,17.36 ,19.27 ,21.37 ,25.00 ,24.61 ,25.93 ,28.20 ,32.41 ,37.16 ,32.73 ,30.15 ,31.92 ,36.89 ,29.96 ,25.04 ,16.34 ,12.48 ,7.85 ,3.51 ,0.74 ,0.08 
5439218621,0.00 ,0.00 ,0.00 ,1.00 ,1.05 ,1.11 ,1.21 ,1.39 ,1.59 ,1.40 ,1.29 ,1.37 ,1.58 ,1.09 ,0.91 ,0.00 ,0.00 ,0.00 ,0.00 ,0.00 ,0.00 
5439218623,1.20 ,1.33 ,1.47 ,4.00 ,5.36 ,5.65 ,6.14 ,7.06 ,8.10 ,7.13 ,6.57 ,6.95 ,8.04 ,7.08 ,5.92 ,3.19 ,2.44 ,1.53 ,0.69 ,0.14 ,0.01 
5439218624,0.30 ,0.33 ,0.37 ,0.00 ,0.97 ,1.02 ,1.11 ,1.27 ,1.46 ,1.29 ,1.18 ,1.25 ,1.45 ,1.63 ,1.37 ,1.20 ,0.91 ,0.57 ,0.26 ,0.05 ,0.01 
5439218631,5.39 ,5.98 ,6.63 ,17.00 ,15.82 ,16.67 ,18.13 ,20.83 ,23.89 ,21.04 ,19.38 ,20.52 ,23.71 ,39.22 ,32.78 ,16.73 ,12.79 ,8.04 ,3.60 ,0.76 ,0.08 
5439218632,13.47 ,14.95 ,16.58 ,21.00 ,12.83 ,13.52 ,14.71 ,16.90 ,19.38 ,17.07 ,15.72 ,16.65 ,19.23 ,20.70 ,17.30 ,6.38 ,4.87 ,3.06 ,1.37 ,0.29 ,0.03 
5439218633,5.99 ,6.64 ,7.37 ,11.00 ,8.53 ,8.98 ,9.77 ,11.23 ,12.87 ,11.34 ,10.44 ,11.06 ,12.78 ,31.05 ,25.95 ,9.56 ,7.31 ,4.60 ,2.06 ,0.43 ,0.04 
5439218641,1.20 ,1.33 ,1.47 ,0.00 ,1.76 ,1.85 ,2.01 ,2.31 ,2.65 ,2.34 ,2.15 ,2.28 ,2.63 ,9.26 ,7.74 ,11.16 ,8.53 ,5.36 ,2.40 ,0.51 ,0.05 
5439218642,3.29 ,3.65 ,4.05 ,10.00 ,6.77 ,7.13 ,7.76 ,8.91 ,10.22 ,9.00 ,8.29 ,8.78 ,10.14 ,19.61 ,16.39 ,12.35 ,9.44 ,5.94 ,2.66 ,0.56 ,0.06 
5439218643,1.20 ,1.33 ,1.47 ,3.00 ,4.04 ,4.26 ,4.63 ,5.32 ,6.11 ,5.38 ,4.95 ,5.24 ,6.06 ,5.45 ,4.55 ,4.38 ,3.35 ,2.11 ,0.94 ,0.20 ,0.02 
5439218712,2.10 ,2.33 ,2.58 ,8.00 ,4.48 ,4.72 ,5.14 ,5.90 ,6.77 ,5.96 ,5.49 ,5.81 ,6.72 ,4.36 ,3.64 ,4.78 ,3.65 ,2.30 ,1.03 ,0.22 ,0.02 
5439218714,0.00 ,0.00 ,0.00 ,0.00 ,1.05 ,1.11 ,1.21 ,1.39 ,1.59 ,1.40 ,1.29 ,1.37 ,1.58 ,2.72 ,2.28 ,2.39 ,1.83 ,1.15 ,0.51 ,0.11 ,0.01 
5439218721,2.99 ,3.32 ,3.68 ,9.00 ,6.59 ,6.95 ,7.55 ,8.68 ,9.95 ,8.77 ,8.08 ,8.55 ,9.88 ,15.80 ,13.20 ,13.15 ,10.05 ,6.32 ,2.83 ,0.60 ,0.06 
5439218722,4.19 ,4.65 ,5.16 ,3.00 ,3.69 ,3.89 ,4.23 ,4.86 ,5.57 ,4.91 ,4.52 ,4.79 ,5.53 ,7.08 ,5.92 ,3.59 ,2.74 ,1.72 ,0.77 ,0.16 ,0.02 
5439218723,3.29 ,3.65 ,4.05 ,4.00 ,6.59 ,6.95 ,7.55 ,8.68 ,9.95 ,8.77 ,8.08 ,8.55 ,9.88 ,10.89 ,9.11 ,10.36 ,7.92 ,4.98 ,2.23 ,0.47 ,0.05 
5439218724,2.69 ,2.99 ,3.32 ,7.00 ,5.45 ,5.74 ,6.24 ,7.18 ,8.23 ,7.25 ,6.68 ,7.07 ,8.17 ,7.63 ,6.37 ,8.77 ,6.70 ,4.21 ,1.89 ,0.40 ,0.04 
5439218731,2.99 ,3.32 ,3.68 ,1.00 ,2.99 ,3.15 ,3.42 ,3.94 ,4.51 ,3.97 ,3.66 ,3.88 ,4.48 ,9.80 ,8.20 ,3.59 ,2.74 ,1.72 ,0.77 ,0.16 ,0.02 
5439218741,0.60 ,0.66 ,0.74 ,1.00 ,0.70 ,0.74 ,0.81 ,0.93 ,1.06 ,0.94 ,0.86 ,0.91 ,1.05 ,4.36 ,3.64 ,0.80 ,0.61 ,0.38 ,0.17 ,0.04 ,0.00 
5439218742,0.60 ,0.66 ,0.74 ,1.00 ,0.53 ,0.56 ,0.60 ,0.69 ,0.80 ,0.70 ,0.65 ,0.68 ,0.79 ,0.00 ,0.00 ,0.40 ,0.30 ,0.19 ,0.09 ,0.02 ,0.00 
5439218811,0.90 ,1.00 ,1.11 ,0.00 ,0.62 ,0.65 ,0.71 ,0.81 ,0.93 ,0.82 ,0.75 ,0.80 ,0.92 ,2.72 ,2.28 ,1.20 ,0.91 ,0.57 ,0.26 ,0.05 ,0.01 
5439218833,0.60 ,0.66 ,0.74 ,1.00 ,1.14 ,1.20 ,1.31 ,1.50 ,1.73 ,1.52 ,1.40 ,1.48 ,1.71 ,1.09 ,0.91 ,1.20 ,0.91 ,0.57 ,0.26 ,0.05 ,0.01 
5439218834,0.00 ,0.00 ,0.00 ,0.00 ,0.88 ,0.93 ,1.01 ,1.16 ,1.33 ,1.17 ,1.08 ,1.14 ,1.32 ,0.54 ,0.46 ,1.20 ,0.91 ,0.57 ,0.26 ,0.05 ,0.01 
5439218842,0.90 ,1.00 ,1.11 ,2.00 ,1.14 ,1.20 ,1.31 ,1.50 ,1.73 ,1.52 ,1.40 ,1.48 ,1.71 ,4.36 ,3.64 ,1.59 ,1.22 ,0.77 ,0.34 ,0.07 ,0.01 
5439218843,0.30 ,0.33 ,0.37 ,1.00 ,0.79 ,0.83 ,0.91 ,1.04 ,1.19 ,1.05 ,0.97 ,1.03 ,1.19 ,1.63 ,1.37 ,0.80 ,0.61 ,0.38 ,0.17 ,0.04 ,0.00 
5439218844,0.90 ,1.00 ,1.11 ,1.00 ,1.41 ,1.48 ,1.61 ,1.85 ,2.12 ,1.87 ,1.72 ,1.82 ,2.11 ,0.00 ,0.00 ,1.59 ,1.22 ,0.77 ,0.34 ,0.07 ,0.01 
5439218913,0.00 ,0.00 ,0.00 ,0.00 ,0.70 ,0.74 ,0.81 ,0.93 ,1.06 ,0.94 ,0.86 ,0.91 ,1.05 ,1.09 ,0.91 ,1.20 ,0.91 ,0.57 ,0.26 ,0.05 ,0.01 
5439218923,2.10 ,2.33 ,2.58 ,3.00 ,2.55 ,2.69 ,2.92 ,3.36 ,3.85 ,3.39 ,3.12 ,3.31 ,3.82 ,6.54 ,5.46 ,3.19 ,2.44 ,1.53 ,0.69 ,0.14 ,0.01 
5439218931,2.99 ,3.32 ,3.68 ,3.00 ,5.27 ,5.56 ,6.04 ,6.94 ,7.96 ,7.01 ,6.46 ,6.84 ,7.90 ,7.63 ,6.37 ,4.78 ,3.65 ,2.30 ,1.03 ,0.22 ,0.02 
5439218932,0.60 ,0.66 ,0.74 ,1.00 ,1.93 ,2.04 ,2.22 ,2.55 ,2.92 ,2.57 ,2.37 ,2.51 ,2.90 ,3.81 ,3.19 ,3.19 ,2.44 ,1.53 ,0.69 ,0.14 ,0.01 
5439218933,2.69 ,2.99 ,3.32 ,7.00 ,4.22 ,4.45 ,4.83 ,5.56 ,6.37 ,5.61 ,5.17 ,5.47 ,6.32 ,8.17 ,6.83 ,8.37 ,6.39 ,4.02 ,1.80 ,0.38 ,0.04 
5439218934,2.10 ,2.33 ,2.58 ,0.00 ,1.41 ,1.48 ,1.61 ,1.85 ,2.12 ,1.87 ,1.72 ,1.82 ,2.11 ,0.54 ,0.46 ,2.39 ,1.83 ,1.15 ,0.51 ,0.11 ,0.01 
5439219221,25.15 ,27.91 ,30.94 ,30.00 ,23.56 ,24.82 ,26.99 ,31.02 ,35.57 ,31.33 ,28.86 ,30.55 ,35.31 ,15.25 ,12.75 ,8.77 ,6.70 ,4.21 ,1.89 ,0.40 ,0.04 
5439219222,14.37 ,15.95 ,17.68 ,15.00 ,15.38 ,16.21 ,17.63 ,20.26 ,23.23 ,20.46 ,18.84 ,19.95 ,23.06 ,20.70 ,17.30 ,4.78 ,3.65 ,2.30 ,1.03 ,0.22 ,0.02 
5439219224,13.17 ,14.62 ,16.21 ,13.00 ,14.68 ,15.46 ,16.82 ,19.33 ,22.16 ,19.52 ,17.98 ,19.04 ,22.00 ,19.06 ,15.94 ,3.59 ,2.74 ,1.72 ,0.77 ,0.16 ,0.02 
5439219241,1.50 ,1.66 ,1.84 ,0.00 ,0.70 ,0.74 ,0.81 ,0.93 ,1.06 ,0.94 ,0.86 ,0.91 ,1.05 ,0.54 ,0.46 ,1.59 ,1.22 ,0.77 ,0.34 ,0.07 ,0.01 
5439219242,2.40 ,2.66 ,2.95 ,0.00 ,1.58 ,1.67 ,1.81 ,2.08 ,2.39 ,2.10 ,1.94 ,2.05 ,2.37 ,1.63 ,1.37 ,1.99 ,1.52 ,0.96 ,0.43 ,0.09 ,0.01 
5439219243,0.00 ,0.00 ,0.00 ,1.00 ,1.14 ,1.20 ,1.31 ,1.50 ,1.73 ,1.52 ,1.40 ,1.48 ,1.71 ,1.63 ,1.37 ,1.20 ,0.91 ,0.57 ,0.26 ,0.05 ,0.01 
5439219244,11.98 ,13.29 ,14.73 ,17.00 ,12.04 ,12.69 ,13.80 ,15.86 ,18.18 ,16.01 ,14.75 ,15.62 ,18.05 ,17.98 ,15.02 ,7.97 ,6.09 ,3.83 ,1.71 ,0.36 ,0.04 
5439219311,12.57 ,13.95 ,15.47 ,19.00 ,26.46 ,27.87 ,30.32 ,34.84 ,39.95 ,35.19 ,32.41 ,34.32 ,39.65 ,47.93 ,40.07 ,9.56 ,7.31 ,4.60 ,2.06 ,0.43 ,0.04 
5439219312,11.38 ,12.63 ,14.00 ,5.00 ,7.91 ,8.33 ,9.07 ,10.42 ,11.94 ,10.52 ,9.69 ,10.26 ,11.86 ,13.07 ,10.93 ,2.39 ,1.83 ,1.15 ,0.51 ,0.11 ,0.01 
5439219313,0.00 ,0.00 ,0.00 ,2.00 ,1.49 ,1.57 ,1.71 ,1.97 ,2.26 ,1.99 ,1.83 ,1.94 ,2.24 ,3.81 ,3.19 ,0.40 ,0.30 ,0.19 ,0.09 ,0.02 ,0.00 
5439219314,0.60 ,0.66 ,0.74 ,0.00 ,1.14 ,1.20 ,1.31 ,1.50 ,1.73 ,1.52 ,1.40 ,1.48 ,1.71 ,1.63 ,1.37 ,0.80 ,0.61 ,0.38 ,0.17 ,0.04 ,0.00 
5439219321,6.29 ,6.98 ,7.74 ,10.00 ,13.27 ,13.98 ,15.21 ,17.48 ,20.04 ,17.65 ,16.26 ,17.22 ,19.89 ,15.25 ,12.75 ,8.77 ,6.70 ,4.21 ,1.89 ,0.40 ,0.04 
5439219322,15.87 ,17.61 ,19.52 ,32.00 ,20.04 ,21.11 ,22.96 ,26.39 ,30.26 ,26.65 ,24.55 ,25.99 ,30.04 ,25.60 ,21.40 ,12.35 ,9.44 ,5.94 ,2.66 ,0.56 ,0.06 
5439219323,12.28 ,13.62 ,15.10 ,30.00 ,24.35 ,25.65 ,27.90 ,32.06 ,36.76 ,32.38 ,29.82 ,31.58 ,36.49 ,44.12 ,36.88 ,21.12 ,16.14 ,10.15 ,4.54 ,0.96 ,0.10 
5439219324,26.65 ,29.57 ,32.78 ,30.00 ,23.73 ,25.00 ,27.20 ,31.25 ,35.83 ,31.56 ,29.07 ,30.78 ,35.57 ,29.41 ,24.59 ,13.95 ,10.66 ,6.70 ,3.00 ,0.63 ,0.07 
5439219331,5.69 ,6.31 ,7.00 ,9.00 ,6.06 ,6.39 ,6.95 ,7.99 ,9.16 ,8.07 ,7.43 ,7.87 ,9.09 ,9.26 ,7.74 ,0.80 ,0.61 ,0.38 ,0.17 ,0.04 ,0.00 
5439219332,12.87 ,14.29 ,15.84 ,21.00 ,21.80 ,22.97 ,24.98 ,28.70 ,32.91 ,28.99 ,26.70 ,28.27 ,32.67 ,38.13 ,31.87 ,21.91 ,16.75 ,10.53 ,4.71 ,0.99 ,0.10 
5439219333,14.07 ,15.62 ,17.31 ,21.00 ,11.60 ,12.22 ,13.30 ,15.28 ,17.52 ,15.43 ,14.21 ,15.05 ,17.39 ,16.34 ,13.66 ,6.38 ,4.87 ,3.06 ,1.37 ,0.29 ,0.03 
5439219334,7.48 ,8.31 ,9.21 ,9.00 ,17.23 ,18.15 ,19.74 ,22.69 ,26.01 ,22.91 ,21.10 ,22.35 ,25.82 ,25.60 ,21.40 ,10.36 ,7.92 ,4.98 ,2.23 ,0.47 ,0.05 
5439219341,15.87 ,17.61 ,19.52 ,14.00 ,21.45 ,22.60 ,24.58 ,28.24 ,32.38 ,28.52 ,26.27 ,27.82 ,32.15 ,33.23 ,27.77 ,22.71 ,17.35 ,10.91 ,4.89 ,1.03 ,0.11 
5439219342,14.07 ,15.62 ,17.31 ,22.00 ,18.46 ,19.45 ,21.15 ,24.31 ,27.87 ,24.55 ,22.61 ,23.94 ,27.67 ,33.23 ,27.77 ,13.15 ,10.05 ,6.32 ,2.83 ,0.60 ,0.06 
5439219343,15.57 ,17.28 ,19.16 ,23.00 ,14.77 ,15.56 ,16.92 ,19.45 ,22.30 ,19.64 ,18.09 ,19.15 ,22.13 ,14.16 ,11.84 ,10.36 ,7.92 ,4.98 ,2.23 ,0.47 ,0.05 
5439219344,6.89 ,7.64 ,8.47 ,3.00 ,10.28 ,10.83 ,11.78 ,13.54 ,15.53 ,13.68 ,12.60 ,13.34 ,15.41 ,25.06 ,20.94 ,11.95 ,9.13 ,5.74 ,2.57 ,0.54 ,0.06 
5439219411,7.48 ,8.31 ,9.21 ,13.00 ,14.24 ,15.00 ,16.32 ,18.75 ,21.50 ,18.94 ,17.44 ,18.47 ,21.34 ,19.06 ,15.94 ,16.34 ,12.48 ,7.85 ,3.51 ,0.74 ,0.08 
5439219412,6.29 ,6.98 ,7.74 ,9.00 ,10.99 ,11.58 ,12.59 ,14.47 ,16.59 ,14.61 ,13.46 ,14.25 ,16.47 ,25.06 ,20.94 ,12.35 ,9.44 ,5.94 ,2.66 ,0.56 ,0.06 
5439219413,14.07 ,15.62 ,17.31 ,13.00 ,10.99 ,11.58 ,12.59 ,14.47 ,16.59 ,14.61 ,13.46 ,14.25 ,16.47 ,10.89 ,9.11 ,11.55 ,8.83 ,5.55 ,2.49 ,0.52 ,0.05 
5439219414,3.29 ,3.65 ,4.05 ,4.00 ,4.57 ,4.82 ,5.24 ,6.02 ,6.90 ,6.08 ,5.60 ,5.93 ,6.85 ,3.81 ,3.19 ,10.36 ,7.92 ,4.98 ,2.23 ,0.47 ,0.05 
5439219421,1.80 ,1.99 ,2.21 ,2.00 ,3.96 ,4.17 ,4.53 ,5.21 ,5.97 ,5.26 ,4.85 ,5.13 ,5.93 ,7.63 ,6.37 ,5.58 ,4.26 ,2.68 ,1.20 ,0.25 ,0.03 
5439219422,3.29 ,3.65 ,4.05 ,5.00 ,8.44 ,8.89 ,9.67 ,11.11 ,12.74 ,11.22 ,10.34 ,10.94 ,12.65 ,20.70 ,17.30 ,15.54 ,11.87 ,7.47 ,3.34 ,0.70 ,0.07 
5439219423,3.29 ,3.65 ,4.05 ,7.00 ,5.19 ,5.46 ,5.94 ,6.83 ,7.83 ,6.90 ,6.35 ,6.73 ,7.77 ,10.89 ,9.11 ,5.98 ,4.57 ,2.87 ,1.29 ,0.27 ,0.03 
5439219424,14.97 ,16.61 ,18.42 ,15.00 ,13.89 ,14.63 ,15.91 ,18.29 ,20.97 ,18.47 ,17.01 ,18.01 ,20.82 ,19.06 ,15.94 ,10.76 ,8.22 ,5.17 ,2.31 ,0.49 ,0.05 
5439219431,13.47 ,14.95 ,16.58 ,12.00 ,12.92 ,13.61 ,14.81 ,17.01 ,19.51 ,17.18 ,15.83 ,16.76 ,19.37 ,19.61 ,16.39 ,16.73 ,12.79 ,8.04 ,3.60 ,0.76 ,0.08 
5439219432,1.20 ,1.33 ,1.47 ,2.00 ,1.76 ,1.85 ,2.01 ,2.31 ,2.65 ,2.34 ,2.15 ,2.28 ,2.63 ,4.36 ,3.64 ,2.79 ,2.13 ,1.34 ,0.60 ,0.13 ,0.01 
5439219433,1.20 ,1.33 ,1.47 ,2.00 ,17.75 ,18.71 ,20.35 ,23.38 ,26.81 ,23.61 ,21.75 ,23.03 ,26.61 ,69.72 ,58.28 ,67.73 ,51.76 ,32.55 ,14.57 ,3.07 ,0.32 
5439219434,0.00 ,0.00 ,0.00 ,1.00 ,1.05 ,1.11 ,1.21 ,1.39 ,1.59 ,1.40 ,1.29 ,1.37 ,1.58 ,0.00 ,0.00 ,1.59 ,1.22 ,0.77 ,0.34 ,0.07 ,0.01 
5439219441,11.38 ,12.63 ,14.00 ,8.00 ,11.34 ,11.95 ,12.99 ,14.93 ,17.12 ,15.08 ,13.89 ,14.71 ,16.99 ,25.60 ,21.40 ,18.73 ,14.31 ,9.00 ,4.03 ,0.85 ,0.09 
5439219442,14.37 ,15.95 ,17.68 ,35.00 ,27.77 ,29.26 ,31.83 ,36.58 ,41.94 ,36.94 ,34.02 ,36.03 ,41.63 ,48.48 ,40.52 ,19.52 ,14.92 ,9.38 ,4.20 ,0.88 ,0.09 
5439219443,5.39 ,5.98 ,6.63 ,12.00 ,8.09 ,8.52 ,9.27 ,10.65 ,12.21 ,10.75 ,9.91 ,10.49 ,12.12 ,18.52 ,15.48 ,12.75 ,9.74 ,6.13 ,2.74 ,0.58 ,0.06 
5439219444,4.19 ,4.65 ,5.16 ,10.00 ,8.61 ,9.08 ,9.87 ,11.34 ,13.01 ,11.46 ,10.55 ,11.17 ,12.91 ,28.87 ,24.13 ,13.55 ,10.35 ,6.51 ,2.91 ,0.61 ,0.06 
5439219511,6.29 ,6.98 ,7.74 ,4.00 ,9.05 ,9.54 ,10.37 ,11.92 ,13.67 ,12.04 ,11.09 ,11.74 ,13.57 ,16.34 ,13.66 ,10.76 ,8.22 ,5.17 ,2.31 ,0.49 ,0.05 
5439219512,2.99 ,3.32 ,3.68 ,9.00 ,7.38 ,7.78 ,8.46 ,9.72 ,11.15 ,9.82 ,9.04 ,9.58 ,11.07 ,14.71 ,12.29 ,9.16 ,7.00 ,4.40 ,1.97 ,0.42 ,0.04 
5439219513,4.49 ,4.98 ,5.53 ,11.00 ,8.53 ,8.98 ,9.77 ,11.23 ,12.87 ,11.34 ,10.44 ,11.06 ,12.78 ,11.44 ,9.56 ,6.38 ,4.87 ,3.06 ,1.37 ,0.29 ,0.03 
5439219514,8.38 ,9.30 ,10.31 ,13.00 ,14.50 ,15.28 ,16.62 ,19.10 ,21.90 ,19.29 ,17.77 ,18.81 ,21.74 ,33.77 ,28.23 ,11.95 ,9.13 ,5.74 ,2.57 ,0.54 ,0.06 
5439219521,14.37 ,15.95 ,17.68 ,14.00 ,13.80 ,14.54 ,15.81 ,18.17 ,20.84 ,18.35 ,16.90 ,17.90 ,20.68 ,15.80 ,13.20 ,7.17 ,5.48 ,3.45 ,1.54 ,0.32 ,0.03 
5439219522,5.69 ,6.31 ,7.00 ,8.00 ,6.68 ,7.04 ,7.65 ,8.80 ,10.09 ,8.88 ,8.18 ,8.66 ,10.01 ,11.44 ,9.56 ,4.38 ,3.35 ,2.11 ,0.94 ,0.20 ,0.02 
5439219523,3.29 ,3.65 ,4.05 ,4.00 ,6.86 ,7.22 ,7.86 ,9.03 ,10.35 ,9.12 ,8.40 ,8.89 ,10.28 ,20.70 ,17.30 ,5.58 ,4.26 ,2.68 ,1.20 ,0.25 ,0.03 
5439219524,2.10 ,2.33 ,2.58 ,1.00 ,2.37 ,2.50 ,2.72 ,3.13 ,3.58 ,3.16 ,2.91 ,3.08 ,3.56 ,4.36 ,3.64 ,1.59 ,1.22 ,0.77 ,0.34 ,0.07 ,0.01 
5439219531,17.66 ,19.60 ,21.73 ,36.00 ,23.29 ,24.54 ,26.69 ,30.67 ,35.17 ,30.98 ,28.53 ,30.21 ,34.91 ,21.24 ,17.76 ,7.57 ,5.78 ,3.64 ,1.63 ,0.34 ,0.04 
5439219532,2.69 ,2.99 ,3.32 ,5.00 ,4.39 ,4.63 ,5.04 ,5.79 ,6.64 ,5.84 ,5.38 ,5.70 ,6.59 ,6.54 ,5.46 ,3.19 ,2.44 ,1.53 ,0.69 ,0.14 ,0.01 
5439219533,2.99 ,3.32 ,3.68 ,11.00 ,9.23 ,9.72 ,10.58 ,12.15 ,13.94 ,12.27 ,11.31 ,11.97 ,13.83 ,16.34 ,13.66 ,7.97 ,6.09 ,3.83 ,1.71 ,0.36 ,0.04 
5439219541,3.89 ,4.32 ,4.79 ,4.00 ,5.19 ,5.46 ,5.94 ,6.83 ,7.83 ,6.90 ,6.35 ,6.73 ,7.77 ,7.63 ,6.37 ,1.59 ,1.22 ,0.77 ,0.34 ,0.07 ,0.01 
5439219542,2.69 ,2.99 ,3.32 ,9.00 ,3.08 ,3.24 ,3.53 ,4.05 ,4.65 ,4.09 ,3.77 ,3.99 ,4.61 ,1.09 ,0.91 ,2.79 ,2.13 ,1.34 ,0.60 ,0.13 ,0.01 
5439219611,7.19 ,7.97 ,8.84 ,13.00 ,6.77 ,7.13 ,7.76 ,8.91 ,10.22 ,9.00 ,8.29 ,8.78 ,10.14 ,7.08 ,5.92 ,3.59 ,2.74 ,1.72 ,0.77 ,0.16 ,0.02 
5439219613,0.60 ,0.66 ,0.74 ,0.00 ,1.58 ,1.67 ,1.81 ,2.08 ,2.39 ,2.10 ,1.94 ,2.05 ,2.37 ,0.54 ,0.46 ,0.00 ,0.00 ,0.00 ,0.00 ,0.00 ,0.00 
5439219633,3.89 ,4.32 ,4.79 ,3.00 ,3.25 ,3.43 ,3.73 ,4.28 ,4.91 ,4.33 ,3.98 ,4.22 ,4.87 ,5.45 ,4.55 ,5.58 ,4.26 ,2.68 ,1.20 ,0.25 ,0.03 
5439219634,0.30 ,0.33 ,0.37 ,5.00 ,2.20 ,2.32 ,2.52 ,2.89 ,3.32 ,2.92 ,2.69 ,2.85 ,3.29 ,9.80 ,8.20 ,2.39 ,1.83 ,1.15 ,0.51 ,0.11 ,0.01 
5439219641,1.20 ,1.33 ,1.47 ,1.00 ,0.62 ,0.65 ,0.71 ,0.81 ,0.93 ,0.82 ,0.75 ,0.80 ,0.92 ,0.54 ,0.46 ,1.59 ,1.22 ,0.77 ,0.34 ,0.07 ,0.01 
5439219644,1.20 ,1.33 ,1.47 ,1.00 ,0.53 ,0.56 ,0.60 ,0.69 ,0.80 ,0.70 ,0.65 ,0.68 ,0.79 ,1.09 ,0.91 ,0.00 ,0.00 ,0.00 ,0.00 ,0.00 ,0.00 
5439219712,2.40 ,2.66 ,2.95 ,3.00 ,4.31 ,4.54 ,4.94 ,5.67 ,6.50 ,5.73 ,5.28 ,5.59 ,6.46 ,4.36 ,3.64 ,7.17 ,5.48 ,3.45 ,1.54 ,0.32 ,0.03 
5439219713,5.69 ,6.31 ,7.00 ,8.00 ,4.48 ,4.72 ,5.14 ,5.90 ,6.77 ,5.96 ,5.49 ,5.81 ,6.72 ,7.63 ,6.37 ,5.58 ,4.26 ,2.68 ,1.20 ,0.25 ,0.03 
5439219714,2.69 ,2.99 ,3.32 ,4.00 ,3.96 ,4.17 ,4.53 ,5.21 ,5.97 ,5.26 ,4.85 ,5.13 ,5.93 ,9.80 ,8.20 ,5.18 ,3.96 ,2.49 ,1.11 ,0.23 ,0.02 
5439219721,1.50 ,1.66 ,1.84 ,3.00 ,2.37 ,2.50 ,2.72 ,3.13 ,3.58 ,3.16 ,2.91 ,3.08 ,3.56 ,7.63 ,6.37 ,1.59 ,1.22 ,0.77 ,0.34 ,0.07 ,0.01 
5439219724,0.30 ,0.33 ,0.37 ,1.00 ,0.88 ,0.93 ,1.01 ,1.16 ,1.33 ,1.17 ,1.08 ,1.14 ,1.32 ,0.00 ,0.00 ,1.59 ,1.22 ,0.77 ,0.34 ,0.07 ,0.01 
5439219731,0.00 ,0.00 ,0.00 ,1.00 ,0.62 ,0.65 ,0.71 ,0.81 ,0.93 ,0.82 ,0.75 ,0.80 ,0.92 ,1.63 ,1.37 ,1.20 ,0.91 ,0.57 ,0.26 ,0.05 ,0.01 
5439219743,2.10 ,2.33 ,2.58 ,5.00 ,5.54 ,5.83 ,6.35 ,7.29 ,8.36 ,7.36 ,6.78 ,7.18 ,8.30 ,7.63 ,6.37 ,5.58 ,4.26 ,2.68 ,1.20 ,0.25 ,0.03 
5439219744,0.00 ,0.00 ,0.00 ,1.00 ,1.14 ,1.20 ,1.31 ,1.50 ,1.73 ,1.52 ,1.40 ,1.48 ,1.71 ,0.54 ,0.46 ,1.20 ,0.91 ,0.57 ,0.26 ,0.05 ,0.01 
5439219811,2.40 ,2.66 ,2.95 ,6.00 ,5.89 ,6.20 ,6.75 ,7.75 ,8.89 ,7.83 ,7.21 ,7.64 ,8.83 ,7.08 ,5.92 ,6.38 ,4.87 ,3.06 ,1.37 ,0.29 ,0.03 
5439219812,2.69 ,2.99 ,3.32 ,5.00 ,3.96 ,4.17 ,4.53 ,5.21 ,5.97 ,5.26 ,4.85 ,5.13 ,5.93 ,11.44 ,9.56 ,5.98 ,4.57 ,2.87 ,1.29 ,0.27 ,0.03 
5439219813,2.40 ,2.66 ,2.95 ,9.00 ,2.81 ,2.96 ,3.22 ,3.70 ,4.25 ,3.74 ,3.45 ,3.65 ,4.22 ,7.08 ,5.92 ,2.79 ,2.13 ,1.34 ,0.60 ,0.13 ,0.01 
5439219821,0.30 ,0.33 ,0.37 ,2.00 ,1.85 ,1.94 ,2.12 ,2.43 ,2.79 ,2.45 ,2.26 ,2.39 ,2.77 ,4.36 ,3.64 ,1.99 ,1.52 ,0.96 ,0.43 ,0.09 ,0.01 
5439219823,0.90 ,1.00 ,1.11 ,5.00 ,1.23 ,1.30 ,1.41 ,1.62 ,1.86 ,1.64 ,1.51 ,1.60 ,1.84 ,0.54 ,0.46 ,0.80 ,0.61 ,0.38 ,0.17 ,0.04 ,0.00 
5439219824,0.90 ,1.00 ,1.11 ,2.00 ,1.49 ,1.57 ,1.71 ,1.97 ,2.26 ,1.99 ,1.83 ,1.94 ,2.24 ,8.72 ,7.28 ,30.28 ,23.14 ,14.55 ,6.51 ,1.37 ,0.14 
5439219831,1.20 ,1.33 ,1.47 ,1.00 ,1.23 ,1.30 ,1.41 ,1.62 ,1.86 ,1.64 ,1.51 ,1.60 ,1.84 ,1.09 ,0.91 ,0.80 ,0.61 ,0.38 ,0.17 ,0.04 ,0.00 
5439219842,0.30 ,0.33 ,0.37 ,2.00 ,1.58 ,1.67 ,1.81 ,2.08 ,2.39 ,2.10 ,1.94 ,2.05 ,2.37 ,6.54 ,5.46 ,3.59 ,2.74 ,1.72 ,0.77 ,0.16 ,0.02 
5439219844,0.30 ,0.33 ,0.37 ,4.00 ,0.88 ,0.93 ,1.01 ,1.16 ,1.33 ,1.17 ,1.08 ,1.14 ,1.32 ,3.27 ,2.73 ,0.40 ,0.30 ,0.19 ,0.09 ,0.02 ,0.00 
5439219914,0.00 ,0.00 ,0.00 ,0.00 ,0.79 ,0.83 ,0.91 ,1.04 ,1.19 ,1.05 ,0.97 ,1.03 ,1.19 ,4.90 ,4.10 ,2.39 ,1.83 ,1.15 ,0.51 ,0.11 ,0.01 
5439219931,1.20 ,1.33 ,1.47 ,4.00 ,2.90 ,3.06 ,3.32 ,3.82 ,4.38 ,3.86 ,3.55 ,3.76 ,4.35 ,9.80 ,8.20 ,5.58 ,4.26 ,2.68 ,1.20 ,0.25 ,0.03 
5439310212,1.20 ,1.33 ,1.47 ,1.00 ,2.29 ,2.41 ,2.62 ,3.01 ,3.45 ,3.04 ,2.80 ,2.96 ,3.43 ,3.27 ,2.73 ,2.39 ,1.83 ,1.15 ,0.51 ,0.11 ,0.01 
5439310221,20.06 ,22.26 ,24.68 ,8.00 ,18.55 ,19.54 ,21.25 ,24.42 ,28.00 ,24.66 ,22.72 ,24.06 ,27.80 ,29.96 ,25.04 ,9.56 ,7.31 ,4.60 ,2.06 ,0.43 ,0.04 
5439310222,13.77 ,15.28 ,16.94 ,17.00 ,17.58 ,18.52 ,20.14 ,23.15 ,26.54 ,23.38 ,21.53 ,22.80 ,26.35 ,45.76 ,38.24 ,15.14 ,11.57 ,7.28 ,3.26 ,0.69 ,0.07 
5439310223,3.89 ,4.32 ,4.79 ,5.00 ,8.26 ,8.70 ,9.47 ,10.88 ,12.48 ,10.99 ,10.12 ,10.72 ,12.38 ,27.24 ,22.76 ,14.74 ,11.27 ,7.08 ,3.17 ,0.67 ,0.07 
5439310224,12.57 ,13.95 ,15.47 ,10.00 ,15.38 ,16.21 ,17.63 ,20.26 ,23.23 ,20.46 ,18.84 ,19.95 ,23.06 ,29.96 ,25.04 ,8.37 ,6.39 ,4.02 ,1.80 ,0.38 ,0.04 
5439310242,2.69 ,2.99 ,3.32 ,10.00 ,4.31 ,4.54 ,4.94 ,5.67 ,6.50 ,5.73 ,5.28 ,5.59 ,6.46 ,9.26 ,7.74 ,9.16 ,7.00 ,4.40 ,1.97 ,0.42 ,0.04 
5439310311,9.88 ,10.96 ,12.16 ,14.00 ,11.87 ,12.50 ,13.60 ,15.63 ,17.92 ,15.78 ,14.54 ,15.39 ,17.79 ,19.61 ,16.39 ,7.97 ,6.09 ,3.83 ,1.71 ,0.36 ,0.04 
5439310312,6.89 ,7.64 ,8.47 ,13.00 ,10.72 ,11.30 ,12.29 ,14.12 ,16.19 ,14.26 ,13.14 ,13.91 ,16.07 ,13.62 ,11.38 ,11.16 ,8.53 ,5.36 ,2.40 ,0.51 ,0.05 
5439310313,6.29 ,6.98 ,7.74 ,5.00 ,7.73 ,8.15 ,8.86 ,10.19 ,11.68 ,10.29 ,9.47 ,10.03 ,11.59 ,14.71 ,12.29 ,16.34 ,12.48 ,7.85 ,3.51 ,0.74 ,0.08 
5439310314,0.60 ,0.66 ,0.74 ,2.00 ,1.49 ,1.57 ,1.71 ,1.97 ,2.26 ,1.99 ,1.83 ,1.94 ,2.24 ,3.27 ,2.73 ,1.59 ,1.22 ,0.77 ,0.34 ,0.07 ,0.01 
5439310321,11.38 ,12.63 ,14.00 ,10.00 ,11.07 ,11.67 ,12.69 ,14.58 ,16.72 ,14.73 ,13.57 ,14.36 ,16.60 ,17.43 ,14.57 ,4.38 ,3.35 ,2.11 ,0.94 ,0.20 ,0.02 
5439310322,3.29 ,3.65 ,4.05 ,5.00 ,5.01 ,5.28 ,5.74 ,6.60 ,7.57 ,6.66 ,6.14 ,6.50 ,7.51 ,5.45 ,4.55 ,3.98 ,3.04 ,1.91 ,0.86 ,0.18 ,0.02 
5439310331,0.90 ,1.00 ,1.11 ,1.00 ,0.97 ,1.02 ,1.11 ,1.27 ,1.46 ,1.29 ,1.18 ,1.25 ,1.45 ,1.09 ,0.91 ,0.80 ,0.61 ,0.38 ,0.17 ,0.04 ,0.00 
5439310412,0.60 ,0.66 ,0.74 ,1.00 ,0.97 ,1.02 ,1.11 ,1.27 ,1.46 ,1.29 ,1.18 ,1.25 ,1.45 ,2.72 ,2.28 ,1.59 ,1.22 ,0.77 ,0.34 ,0.07 ,0.01 
5439310414,1.80 ,1.99 ,2.21 ,1.00 ,0.62 ,0.65 ,0.71 ,0.81 ,0.93 ,0.82 ,0.75 ,0.80 ,0.92 ,1.63 ,1.37 ,0.40 ,0.30 ,0.19 ,0.09 ,0.02 ,0.00 
5439310421,0.30 ,0.33 ,0.37 ,1.00 ,0.97 ,1.02 ,1.11 ,1.27 ,1.46 ,1.29 ,1.18 ,1.25 ,1.45 ,1.63 ,1.37 ,0.80 ,0.61 ,0.38 ,0.17 ,0.04 ,0.00 
5439310422,2.10 ,2.33 ,2.58 ,11.00 ,5.63 ,5.93 ,6.45 ,7.41 ,8.49 ,7.48 ,6.89 ,7.30 ,8.43 ,14.71 ,12.29 ,7.57 ,5.78 ,3.64 ,1.63 ,0.34 ,0.04 
5439310423,1.80 ,1.99 ,2.21 ,4.00 ,4.75 ,5.00 ,5.44 ,6.25 ,7.17 ,6.31 ,5.81 ,6.16 ,7.11 ,4.36 ,3.64 ,5.18 ,3.96 ,2.49 ,1.11 ,0.23 ,0.02 
5439310424,1.20 ,1.33 ,1.47 ,0.00 ,2.46 ,2.59 ,2.82 ,3.24 ,3.72 ,3.27 ,3.01 ,3.19 ,3.69 ,7.08 ,5.92 ,2.79 ,2.13 ,1.34 ,0.60 ,0.13 ,0.01 
5439310432,3.29 ,3.65 ,4.05 ,5.00 ,5.45 ,5.74 ,6.24 ,7.18 ,8.23 ,7.25 ,6.68 ,7.07 ,8.17 ,8.72 ,7.28 ,7.17 ,5.48 ,3.45 ,1.54 ,0.32 ,0.03 
5439310433,1.20 ,1.33 ,1.47 ,2.00 ,2.37 ,2.50 ,2.72 ,3.13 ,3.58 ,3.16 ,2.91 ,3.08 ,3.56 ,1.63 ,1.37 ,1.59 ,1.22 ,0.77 ,0.34 ,0.07 ,0.01 
5439310434,0.60 ,0.66 ,0.74 ,0.00 ,0.88 ,0.93 ,1.01 ,1.16 ,1.33 ,1.17 ,1.08 ,1.14 ,1.32 ,4.36 ,3.64 ,0.00 ,0.00 ,0.00 ,0.00 ,0.00 ,0.00 
5439310441,4.49 ,4.98 ,5.53 ,7.00 ,6.94 ,7.32 ,7.96 ,9.14 ,10.48 ,9.23 ,8.51 ,9.01 ,10.41 ,13.07 ,10.93 ,7.97 ,6.09 ,3.83 ,1.71 ,0.36 ,0.04 
5439310442,0.90 ,1.00 ,1.11 ,2.00 ,2.55 ,2.69 ,2.92 ,3.36 ,3.85 ,3.39 ,3.12 ,3.31 ,3.82 ,3.81 ,3.19 ,3.59 ,2.74 ,1.72 ,0.77 ,0.16 ,0.02 
5439310443,1.80 ,1.99 ,2.21 ,1.00 ,4.22 ,4.45 ,4.83 ,5.56 ,6.37 ,5.61 ,5.17 ,5.47 ,6.32 ,8.72 ,7.28 ,5.98 ,4.57 ,2.87 ,1.29 ,0.27 ,0.03 
5439310444,1.20 ,1.33 ,1.47 ,4.00 ,3.08 ,3.24 ,3.53 ,4.05 ,4.65 ,4.09 ,3.77 ,3.99 ,4.61 ,6.54 ,5.46 ,4.78 ,3.65 ,2.30 ,1.03 ,0.22 ,0.02 
5439310511,1.80 ,1.99 ,2.21 ,1.00 ,1.85 ,1.94 ,2.12 ,2.43 ,2.79 ,2.45 ,2.26 ,2.39 ,2.77 ,3.27 ,2.73 ,3.19 ,2.44 ,1.53 ,0.69 ,0.14 ,0.01 
5439310512,5.69 ,6.31 ,7.00 ,3.00 ,7.56 ,7.96 ,8.66 ,9.95 ,11.41 ,10.05 ,9.26 ,9.80 ,11.33 ,21.79 ,18.21 ,12.75 ,9.74 ,6.13 ,2.74 ,0.58 ,0.06 
5439310514,0.30 ,0.33 ,0.37 ,3.00 ,2.02 ,2.13 ,2.32 ,2.66 ,3.05 ,2.69 ,2.48 ,2.62 ,3.03 ,7.63 ,6.37 ,4.38 ,3.35 ,2.11 ,0.94 ,0.20 ,0.02 
5439310521,0.00 ,0.00 ,0.00 ,0.00 ,0.35 ,0.37 ,0.40 ,0.46 ,0.53 ,0.47 ,0.43 ,0.46 ,0.53 ,4.36 ,3.64 ,0.80 ,0.61 ,0.38 ,0.17 ,0.04 ,0.00 
5439310522,0.00 ,0.00 ,0.00 ,1.00 ,2.37 ,2.50 ,2.72 ,3.13 ,3.58 ,3.16 ,2.91 ,3.08 ,3.56 ,4.90 ,4.10 ,3.98 ,3.04 ,1.91 ,0.86 ,0.18 ,0.02 
5439310531,0.60 ,0.66 ,0.74 ,0.00 ,0.70 ,0.74 ,0.81 ,0.93 ,1.06 ,0.94 ,0.86 ,0.91 ,1.05 ,0.54 ,0.46 ,0.40 ,0.30 ,0.19 ,0.09 ,0.02 ,0.00 
5439310532,0.90 ,1.00 ,1.11 ,1.00 ,2.99 ,3.15 ,3.42 ,3.94 ,4.51 ,3.97 ,3.66 ,3.88 ,4.48 ,5.99 ,5.01 ,8.37 ,6.39 ,4.02 ,1.80 ,0.38 ,0.04 
5439310533,1.50 ,1.66 ,1.84 ,2.00 ,2.29 ,2.41 ,2.62 ,3.01 ,3.45 ,3.04 ,2.80 ,2.96 ,3.43 ,3.27 ,2.73 ,1.59 ,1.22 ,0.77 ,0.34 ,0.07 ,0.01 
5439310611,5.69 ,6.31 ,7.00 ,6.00 ,7.73 ,8.15 ,8.86 ,10.19 ,11.68 ,10.29 ,9.47 ,10.03 ,11.59 ,11.44 ,9.56 ,9.96 ,7.61 ,4.79 ,2.14 ,0.45 ,0.05 
5439310612,0.60 ,0.66 ,0.74 ,0.00 ,0.62 ,0.65 ,0.71 ,0.81 ,0.93 ,0.82 ,0.75 ,0.80 ,0.92 ,1.63 ,1.37 ,0.40 ,0.30 ,0.19 ,0.09 ,0.02 ,0.00 
5439310613,0.30 ,0.33 ,0.37 ,2.00 ,2.02 ,2.13 ,2.32 ,2.66 ,3.05 ,2.69 ,2.48 ,2.62 ,3.03 ,3.27 ,2.73 ,1.59 ,1.22 ,0.77 ,0.34 ,0.07 ,0.01 
5439310712,1.20 ,1.33 ,1.47 ,1.00 ,1.76 ,1.85 ,2.01 ,2.31 ,2.65 ,2.34 ,2.15 ,2.28 ,2.63 ,3.81 ,3.19 ,0.80 ,0.61 ,0.38 ,0.17 ,0.04 ,0.00 
5439310721,3.29 ,3.65 ,4.05 ,4.00 ,3.34 ,3.52 ,3.83 ,4.40 ,5.04 ,4.44 ,4.09 ,4.33 ,5.01 ,3.27 ,2.73 ,3.98 ,3.04 ,1.91 ,0.86 ,0.18 ,0.02 
5439310722,0.00 ,0.00 ,0.00 ,0.00 ,0.97 ,1.02 ,1.11 ,1.27 ,1.46 ,1.29 ,1.18 ,1.25 ,1.45 ,0.54 ,0.46 ,1.20 ,0.91 ,0.57 ,0.26 ,0.05 ,0.01 
5439311321,1.20 ,1.33 ,1.47 ,8.00 ,2.46 ,2.59 ,2.82 ,3.24 ,3.72 ,3.27 ,3.01 ,3.19 ,3.69 ,5.99 ,5.01 ,2.39 ,1.83 ,1.15 ,0.51 ,0.11 ,0.01 
5439311322,0.00 ,0.00 ,0.00 ,0.00 ,1.32 ,1.39 ,1.51 ,1.74 ,1.99 ,1.75 ,1.62 ,1.71 ,1.98 ,1.63 ,1.37 ,2.39 ,1.83 ,1.15 ,0.51 ,0.11 ,0.01 
5439311323,2.40 ,2.66 ,2.95 ,9.00 ,2.64 ,2.78 ,3.02 ,3.47 ,3.98 ,3.51 ,3.23 ,3.42 ,3.95 ,4.36 ,3.64 ,2.79 ,2.13 ,1.34 ,0.60 ,0.13 ,0.01 
5439311324,0.60 ,0.66 ,0.74 ,0.00 ,1.93 ,2.04 ,2.22 ,2.55 ,2.92 ,2.57 ,2.37 ,2.51 ,2.90 ,1.63 ,1.37 ,2.39 ,1.83 ,1.15 ,0.51 ,0.11 ,0.01 
5439311341,4.49 ,4.98 ,5.53 ,5.00 ,4.22 ,4.45 ,4.83 ,5.56 ,6.37 ,5.61 ,5.17 ,5.47 ,6.32 ,7.63 ,6.37 ,3.19 ,2.44 ,1.53 ,0.69 ,0.14 ,0.01 
5439311342,2.10 ,2.33 ,2.58 ,2.00 ,1.58 ,1.67 ,1.81 ,2.08 ,2.39 ,2.10 ,1.94 ,2.05 ,2.37 ,1.09 ,0.91 ,3.59 ,2.74 ,1.72 ,0.77 ,0.16 ,0.02 
5439311343,0.90 ,1.00 ,1.11 ,2.00 ,1.23 ,1.30 ,1.41 ,1.62 ,1.86 ,1.64 ,1.51 ,1.60 ,1.84 ,5.45 ,4.55 ,3.19 ,2.44 ,1.53 ,0.69 ,0.14 ,0.01 
5439311411,4.19 ,4.65 ,5.16 ,7.00 ,7.47 ,7.87 ,8.56 ,9.84 ,11.28 ,9.94 ,9.15 ,9.69 ,11.20 ,7.63 ,6.37 ,7.57 ,5.78 ,3.64 ,1.63 ,0.34 ,0.04 
5439311412,0.60 ,0.66 ,0.74 ,0.00 ,0.70 ,0.74 ,0.81 ,0.93 ,1.06 ,0.94 ,0.86 ,0.91 ,1.05 ,1.09 ,0.91 ,1.20 ,0.91 ,0.57 ,0.26 ,0.05 ,0.01 
5439311421,2.10 ,2.33 ,2.58 ,4.00 ,2.11 ,2.22 ,2.42 ,2.78 ,3.19 ,2.81 ,2.58 ,2.74 ,3.16 ,2.72 ,2.28 ,1.99 ,1.52 ,0.96 ,0.43 ,0.09 ,0.01 
5439311422,3.29 ,3.65 ,4.05 ,6.00 ,10.20 ,10.74 ,11.68 ,13.43 ,15.40 ,13.56 ,12.49 ,13.22 ,15.28 ,13.62 ,11.38 ,14.74 ,11.27 ,7.08 ,3.17 ,0.67 ,0.07 
5439311423,0.30 ,0.33 ,0.37 ,2.00 ,0.70 ,0.74 ,0.81 ,0.93 ,1.06 ,0.94 ,0.86 ,0.91 ,1.05 ,2.72 ,2.28 ,1.99 ,1.52 ,0.96 ,0.43 ,0.09 ,0.01 
5439311424,0.30 ,0.33 ,0.37 ,0.00 ,2.37 ,2.50 ,2.72 ,3.13 ,3.58 ,3.16 ,2.91 ,3.08 ,3.56 ,4.36 ,3.64 ,7.17 ,5.48 ,3.45 ,1.54 ,0.32 ,0.03 
5439311511,0.00 ,0.00 ,0.00 ,2.00 ,1.93 ,2.04 ,2.22 ,2.55 ,2.92 ,2.57 ,2.37 ,2.51 ,2.90 ,2.18 ,1.82 ,4.38 ,3.35 ,2.11 ,0.94 ,0.20 ,0.02 
5439311614,0.60 ,0.66 ,0.74 ,0.00 ,1.49 ,1.57 ,1.71 ,1.97 ,2.26 ,1.99 ,1.83 ,1.94 ,2.24 ,7.63 ,6.37 ,2.79 ,2.13 ,1.34 ,0.60 ,0.13 ,0.01 
5439311623,3.89 ,4.32 ,4.79 ,4.00 ,6.15 ,6.48 ,7.05 ,8.10 ,9.29 ,8.18 ,7.54 ,7.98 ,9.22 ,4.90 ,4.10 ,8.37 ,6.39 ,4.02 ,1.80 ,0.38 ,0.04 
5439311624,1.50 ,1.66 ,1.84 ,1.00 ,4.13 ,4.35 ,4.73 ,5.44 ,6.24 ,5.49 ,5.06 ,5.36 ,6.19 ,10.89 ,9.11 ,6.38 ,4.87 ,3.06 ,1.37 ,0.29 ,0.03 
5439311632,7.78 ,8.64 ,9.58 ,7.00 ,5.89 ,6.20 ,6.75 ,7.75 ,8.89 ,7.83 ,7.21 ,7.64 ,8.83 ,14.71 ,12.29 ,4.38 ,3.35 ,2.11 ,0.94 ,0.20 ,0.02 
5439311641,3.59 ,3.99 ,4.42 ,5.00 ,4.39 ,4.63 ,5.04 ,5.79 ,6.64 ,5.84 ,5.38 ,5.70 ,6.59 ,10.35 ,8.65 ,3.59 ,2.74 ,1.72 ,0.77 ,0.16 ,0.02 
5439312312,0.30 ,0.33 ,0.37 ,2.00 ,2.72 ,2.87 ,3.12 ,3.59 ,4.11 ,3.62 ,3.34 ,3.53 ,4.08 ,7.08 ,5.92 ,5.18 ,3.96 ,2.49 ,1.11 ,0.23 ,0.02 
5439312321,1.80 ,1.99 ,2.21 ,6.00 ,3.43 ,3.61 ,3.93 ,4.51 ,5.18 ,4.56 ,4.20 ,4.45 ,5.14 ,9.26 ,7.74 ,6.38 ,4.87 ,3.06 ,1.37 ,0.29 ,0.03 
